Türkiye,3,66.00,23.00,5.00,7.00,10.00,0.00,0.00,2.00
Germany,4,65.50,18.00,7.00,8.00,12.00,0.00,0.00,1.00
Spain,8,63.88,17.00,6.00,6.00,12.00,0.00,0.00,2.00
Korea Republic,3,62.67,10.00,3.00,4.00,8.00,1.00,0.00,2.00
Algeria,4,61.25,11.00,4.00,3.00,7.00,0.00,0.00,1.00
Morocco,6,59.00,11.00,4.00,5.00,12.00,1.00,0.00,1.00
Portugal,5,58.20,12.00,3.00,4.00,8.00,1.00,0.00,2.00
Argentina,8,57.63,14.00,5.00,5.00,14.00,1.00,0.00,2.00
Colombia,5,57.60,18.00,6.00,4.00,14.00,1.00,0.00,3.00
USA,5,56.80,11.00,3.00,5.00,11.00,1.00,0.00,2.00
Ecuador,4,55.75,13.00,5.00,6.00,12.00,2.00,0.00,0.00
France,8,55.75,17.00,7.00,6.00,10.00,0.00,0.00,1.00
Senegal,4,55.50,17.00,5.00,5.00,9.00,0.00,0.00,2.00
Uruguay,3,55.00,16.00,4.00,8.00,10.00,1.00,0.00,4.00
Canada,5,54.40,16.00,6.00,10.00,14.00,2.00,0.00,1.00
England,8,54.13,14.00,6.00,5.00,10.00,1.00,0.00,1.00
Switzerland,6,54.00,12.00,5.00,4.00,14.00,1.00,0.00,2.00
Brazil,5,53.00,14.00,6.00,5.00,10.00,1.00,0.00,2.00
Netherlands,4,53.00,11.00,5.00,4.00,11.00,0.00,0.00,2.00
Mexico,5,52.20,14.00,4.00,4.00,11.00,0.00,0.00,1.00
Norway,6,52.17,11.00,4.00,4.00,9.00,0.00,0.00,0.00
Egypt,5,51.40,13.00,3.00,5.00,11.00,2.00,0.00,0.00
Belgium,6,51.17,18.00,5.00,4.00,13.00,1.00,0.00,1.00
Côte d'Ivoire,4,49.75,11.00,3.00,6.00,7.00,1.00,0.00,1.00
Croatia,4,49.75,9.00,4.00,3.00,11.00,1.00,0.00,2.00
South Africa,4,48.00,9.00,2.00,2.00,9.00,1.00,0.00,2.00
New Zealand,3,47.33,10.00,5.00,3.00,10.00,1.00,0.00,1.00
Japan,4,46.25,8.00,3.00,3.00,13.00,1.00,0.00,1.00
Sweden,4,46.25,12.00,5.00,4.00,10.00,1.00,0.00,2.00
Bosnia and Herzegovina,4,45.75,9.00,3.00,3.00,15.00,1.00,0.00,0.00
Panama,3,45.67,10.00,2.00,4.00,15.00,1.00,0.00,2.00
Austria,4,45.00,8.00,2.00,2.00,11.00,1.00,0.00,2.00
Scotland,3,44.33,9.00,2.00,4.00,14.00,1.00,0.00,0.00
Czechia,3,43.00,11.00,2.00,5.00,12.00,0.00,0.00,1.00
Haiti,3,42.67,10.00,2.00,3.00,18.00,2.00,0.00,2.00
Australia,4,41.00,10.00,3.00,4.00,11.00,1.00,0.00,0.00
Congo DR,4,40.00,10.00,2.00,3.00,11.00,1.00,0.00,2.00
IR Iran,3,39.33,12.00,3.00,2.00,11.00,2.00,0.00,3.00
Tunisia,3,39.33,6.00,2.00,3.00,9.00,0.00,0.00,3.00
Saudi Arabia,3,38.33,5.00,2.00,2.00,9.00,2.00,0.00,1.00
Uzbekistan,3,38.33,6.00,1.00,3.00,15.00,1.00,0.00,1.00
Iraq,3,38.00,7.00,0.00,2.00,9.00,1.00,0.00,0.00
Cabo Verde,4,37.00,12.00,3.00,4.00,6.00,1.00,0.00,1.00
Ghana,4,36.25,5.00,1.00,2.00,14.00,1.00,0.00,2.00
Qatar,3,33.00,5.00,2.00,3.00,12.00,1.00,0.00,1.00
Curaçao,3,32.33,9.00,2.00,1.00,10.00,2.00,0.00,1.00
Jordan,3,30.67,8.00,3.00,2.00,10.00,1.00,0.00,1.00
Paraguay,5,29.80,7.00,1.00,2.00,13.00,1.00,0.00,1.00
