PlayerName,Nation,Position,NameNormalized,PlayerID,LocalPlayerName,TeamID
Michael Olise,FRA,FW,MICHAEL OLISE,479.0,Michael Olise,6.0
Martin Odegaard,NOR,MF,MARTIN ODEGAARD,816.0,Martin Odegaard,22.0
Kylian Mbappe,FRA,FW,KYLIAN MBAPPE,478.0,Kylian Mbappe,6.0
Brahim Diaz,MAR,FW,BRAHIM DIAZ,738.0,Brahim Diaz,21.0
Bruno Guimaraes,BRA,MF,BRUNO GUIMARAES,164.0,Bruno Guimaraes,3.0
Lionel Messi,ARG,FW,LIONEL MESSI,36.0,Lionel Messi,1.0
Roberto Alvarado,MEX,FW,ROBERTO ALVARADO,727.0,Roberto Alvarado,8.0
Anthony Gordon,ENG,FW,ANTHONY GORDON,460.0,Anthony Gordon,5.0
Florian Wirtz,GER,MF,FLORIAN WIRTZ,511.0,Florian Wirtz,7.0
Andreas Schjelderup,NOR,MF,ANDREAS SCHJELDERUP,827.0,Andreas Schjelderup,22.0
Bukayo Saka,ENG,FW,BUKAYO SAKA,449.0,Bukayo Saka,5.0
Alexander Isak,SWE,FW,ALEXANDER ISAK,1075.0,Alexander Isak,35.0
Chris Wood,NZL,FW,CHRIS WOOD,789.0,Chris Wood,42.0
Johan Manzambi,SUI,MF,JOHAN MANZAMBI,1101.0,Johan Manzambi,11.0
Breel Embolo,SUI,FW,BREEL EMBOLO,1099.0,Breel Embolo,11.0
Dani Olmo,ESP,FW,DANI OLMO,1050.0,Dani Olmo,10.0
Marc Cucurella,ESP,DF,MARC CUCURELLA,1064.0,Marc Cucurella,10.0
Viktor Gyokeres,SWE,FW,VIKTOR GYOKERES,1083.0,Viktor Gyokeres,35.0
Nicolas Raskin,BEL,MF,NICOLAS RASKIN,127.0,Nicolas Raskin,2.0
Patrick Berg,NOR,MF,PATRICK BERG,812.0,Patrick Berg,22.0
Joshua Kimmich,GER,DF,JOSHUA KIMMICH,500.0,Joshua Kimmich,7.0
Hans Vanaken,BEL,MF,HANS VANAKEN,124.0,Hans Vanaken,2.0
Leandro Trossard,BEL,FW,LEANDRO TROSSARD,114.0,Leandro Trossard,2.0
Deniz Undav,GER,FW,DENIZ UNDAV,520.0,Deniz Undav,7.0
Crysencio Summerville,NED,FW,CRYSENCIO SUMMERVILLE,778.0,Crysencio Summerville,9.0
Ryan Gravenberch,NED,MF,RYAN GRAVENBERCH,762.0,Ryan Gravenberch,9.0
Ousmane Dembele,FRA,FW,OUSMANE DEMBELE,475.0,Ousmane Dembele,6.0
Denzel Dumfries,NED,DF,DENZEL DUMFRIES,776.0,Denzel Dumfries,9.0
Declan Rice,ENG,MF,DECLAN RICE,446.0,Declan Rice,5.0
Houssem Aouar,ALG,MF,HOUSSEM AOUAR,8.0,Houssem Aouar,25.0
Julio Enciso,PAR,FW,JULIO ENCISO,877.0,Julio Enciso,32.0
Nathan Saliba,CAN,MF,NATHAN SALIBA,233.0,Nathan Saliba,16.0
Achraf Hakimi,MAR,DF,ACHRAF HAKIMI,730.0,Achraf Hakimi,21.0
Hannibal Mejbri,TUN,MF,HANNIBAL MEJBRI,1128.0,Hannibal Mejbri,46.0
Mohamed Salah,EGY,FW,MOHAMED SALAH,426.0,Mohamed Salah,19.0
Iliman Ndiaye,SEN,FW,ILIMAN NDIAYE,1001.0,Iliman Ndiaye,34.0
Mohamed Hany,EGY,DF,MOHAMED HANY,419.0,Mohamed Hany,19.0
Mostafa Zico,EGY,MF,MOSTAFA ZICO,427.0,Mostafa Zico,19.0
Wilfried Singo,CIV,DF,WILFRIED SINGO,291.0,Wilfried Singo,17.0
Sadio Mane,SEN,FW,SADIO MANE,998.0,Sadio Mane,34.0
Ernest Nuamah,GHA,FW,ERNEST NUAMAH,544.0,Ernest Nuamah,29.0
Chadi Riad,MAR,DF,CHADI RIAD,746.0,Chadi Riad,21.0
Promise David,CAN,FW,PROMISE DAVID,232.0,Promise David,16.0
Moussa Niakhate,SEN,DF,MOUSSA NIAKHATE,1007.0,Moussa Niakhate,34.0
Jean Kevin Duverne,HAI,DF,JEAN KEVIN DUVERNE,568.0,Jean-Kevin Duverne,39.0
Nicolas Jackson,SEN,FW,NICOLAS JACKSON,999.0,Nicolas Jackson,34.0
Ismaila Sarr,SEN,FW,ISMAILA SARR,1006.0,Ismaila Sarr,34.0
Nicolas Pepe,CIV,FW,NICOLAS PEPE,305.0,Nicolas Pepe,17.0
Soufiane Rahimi,MAR,FW,SOUFIANE RAHIMI,737.0,Soufiane Rahimi,21.0
Chemsdine Talbi,MAR,MF,CHEMSDINE TALBI,735.0,Chemsdine Talbi,21.0
Haissem Hassan,EGY,FW,HAISSEM HASSAN,428.0,Haissem Hassan,19.0
Lamine Camara,SEN,MF,LAMINE CAMARA,996.0,Lamine Camara,34.0
Abdoulaye Seck,SEN,DF,ABDOULAYE SECK,992.0,Abdoulaye Seck,34.0
Karim Hafez,EGY,DF,KARIM HAFEZ,431.0,Karim Hafez,19.0
Yan Diomande,CIV,FW,YAN DIOMANDE,297.0,Yan Diomande,17.0
Tshepang Moremi,RSA,FW,TSHEPANG MOREMI,1022.0,Tshepang Moremi,24.0
Trezeguet,EGY,FW,TREZEGUET,423.0,Trezeguet,19.0
Pape Gueye,SEN,MF,PAPE GUEYE,1014.0,Pape Gueye,34.0
Marawan Attia,EGY,MF,MARAWAN ATTIA,435.0,Marawan Attia,19.0
Yannick Semedo,CPV,MF,YANNICK SEMEDO,198.0,Yannick Semedo,15.0
Brandon Thomas Asante,GHA,FW,BRANDON THOMAS ASANTE,530.0,Brandon Thomas-Asante,29.0
Ibrahim Sangare,CIV,MF,IBRAHIM SANGARE,304.0,Ibrahim Sangare,17.0
Hwang Inbeom,KOR,MF,HWANG INBEOM,682.0,,
Riyad Mahrez,ALG,FW,RIYAD MAHREZ,7.0,Riyad Mahrez,25.0
Takefusa Kubo,JPN,MF,TAKEFUSA KUBO,632.0,Takefusa Kubo,20.0
Amir Alammari,IRQ,MF,AMIR ALAMMARI,614.0,Amir Alammari,40.0
Ryan Mendes,CPV,FW,RYAN MENDES,202.0,Ryan Mendes,15.0
Ayase Ueda,JPN,FW,AYASE UEDA,642.0,Ayase Ueda,20.0
Ritsu Doan,JPN,MF,RITSU DOAN,634.0,Ritsu Doan,20.0
Arthur Masuaku,COD,DF,ARTHUR MASUAKU,286.0,Arthur Masuaku,27.0
Noor Alrawabdeh,JOR,MF,NOOR ALRAWABDEH,658.0,Noor Alrawabdeh,41.0
Kou Itakura,JPN,DF,KOU ITAKURA,628.0,Kou Itakura,20.0
Ramin Rezaeian,IRN,DF,RAMIN REZAEIAN,595.0,Ramin Rezaeian,30.0
Ehsan Haddad,JOR,DF,EHSAN HADDAD,673.0,Ehsan Haddad,41.0
Kaishu Sano,JPN,MF,KAISHU SANO,648.0,Kaishu Sano,20.0
Lee Kangin,KOR,MF,LEE KANGIN,695.0,,
Chancel Mbemba,COD,DF,CHANCEL MBEMBA,282.0,Chancel Mbemba,27.0
Keito Nakamura,JPN,MF,KEITO NAKAMURA,637.0,Keito Nakamura,20.0
Koki Ogawa,JPN,FW,KOKI OGAWA,643.0,Koki Ogawa,20.0
Edmilson Junior,QAT,FW,EDMILSON JUNIOR,918.0,Edmilson Junior,44.0
Mousa Altamari,JOR,FW,MOUSA ALTAMARI,660.0,Mousa Altamari,41.0
Meschack Elia,COD,FW,MESCHACK ELIA,273.0,Meschack Elia,27.0
Ferran Torres,ESP,FW,FERRAN TORRES,1047.0,Ferran Torres,10.0
Alexandr Sojka,CZE,MF,ALEXANDR SOJKA,388.0,Alexandr Sojka,38.0
Baris Alper Yilmaz,TUR,FW,BARIS ALPER YILMAZ,1165.0,Baris Alper Yilmaz,47.0
Ruben Vargas,SUI,FW,RUBEN VARGAS,1109.0,Ruben Vargas,11.0
Dennis Hadzikadunic,BIH,DF,DENNIS HADZIKADUNIC,133.0,Dennis Hadzikadunic,26.0
Vladimir Coufal,CZE,DF,VLADIMIR COUFAL,369.0,Vladimir Coufal,38.0
Tim Payne,NZL,DF,TIM PAYNE,782.0,Tim Payne,42.0
Orkun Kokcu,TUR,MF,ORKUN KOKCU,1150.0,Orkun Kokcu,47.0
Ricardo Rodriguez,SUI,DF,RICARDO RODRIGUEZ,1105.0,Ricardo Rodriguez,11.0
Lucas Bergvall,SWE,MF,LUCAS BERGVALL,1073.0,Lucas Bergvall,35.0
Ivan Basic,BIH,MF,IVAN BASIC,143.0,Ivan Basic,26.0
Paul Okon Engstler,AUS,MF,PAUL OKON ENGSTLER,76.0,Paul Okon-Engstler,13.0
Aymeric Laporte,ESP,DF,AYMERIC LAPORTE,1054.0,Aymeric Laporte,10.0
Alex Baena,ESP,MF,ALEX BAENA,1055.0,Alex Baena,10.0
Sead Kolasinac,BIH,DF,SEAD KOLASINAC,135.0,Sead Kolasinac,26.0
Akmal Mozgovoy,UZB,MF,AKMAL MOZGOVOY,1228.0,Akmal Mozgovoy,48.0
Marcos Llorente,ESP,DF,MARCOS LLORENTE,1045.0,Marcos Llorente,10.0
Mikel Oyarzabal,ESP,FW,MIKEL OYARZABAL,1061.0,Mikel Oyarzabal,10.0
Nico Williams,ESP,FW,NICO WILLIAMS,1057.0,Nico Williams,10.0
Charles De Ketelaere,BEL,FW,CHARLES DE KETELAERE,121.0,Charles De Ketelaere,2.0
Marcus Rashford,ENG,FW,MARCUS RASHFORD,453.0,Marcus Rashford,5.0
Timothy Castagne,BEL,DF,TIMOTHY CASTAGNE,125.0,Timothy Castagne,2.0
Virgil Van Dijk,NED,DF,VIRGIL VAN DIJK,758.0,Virgil Van Dijk,9.0
Elliot Anderson,ENG,MF,ELLIOT ANDERSON,450.0,Elliot Anderson,5.0
Romelu Lukaku,BEL,FW,ROMELU LUKAKU,113.0,Romelu Lukaku,2.0
Adrien Rabiot,FRA,MF,ADRIEN RABIOT,482.0,Adrien Rabiot,6.0
Jude Bellingham,ENG,MF,JUDE BELLINGHAM,452.0,Jude Bellingham,5.0
Josip Stanisic,CRO,DF,JOSIP STANISIC,314.0,Josip Stanisic,18.0
Ivan Perisic,CRO,FW,IVAN PERISIC,326.0,Ivan Perisic,18.0
Nathaniel Brown,GER,DF,NATHANIEL BROWN,512.0,Nathaniel Brown,7.0
Luka Modric,CRO,MF,LUKA MODRIC,322.0,Luka Modric,18.0
Thomas Meunier,BEL,DF,THOMAS MEUNIER,119.0,Thomas Meunier,2.0
Bradley Barcola,FRA,FW,BRADLEY BARCOLA,480.0,Bradley Barcola,6.0
Desire Doue,FRA,FW,DESIRE DOUE,488.0,Desire Doue,6.0
Harry Kane,ENG,FW,HARRY KANE,451.0,Harry Kane,5.0
Xaver Schlager,AUT,MF,XAVER SCHLAGER,82.0,Xaver Schlager,14.0
Cody Gakpo,NED,FW,CODY GAKPO,765.0,Cody Gakpo,9.0
Morgan Rogers,ENG,MF,MORGAN ROGERS,459.0,Morgan Rogers,5.0
Konrad Laimer,AUT,MF,KONRAD LAIMER,98.0,Konrad Laimer,14.0
Memphis Depay,NED,FW,MEMPHIS DEPAY,764.0,Memphis Depay,9.0
David Moller Wolfe,NOR,DF,DAVID MOLLER WOLFE,811.0,David Moller Wolfe,22.0
Aurelien Tchouameni,FRA,MF,AURELIEN TCHOUAMENI,476.0,Aurelien Tchouameni,6.0
Dayot Upamecano,FRA,DF,DAYOT UPAMECANO,472.0,Dayot Upamecano,6.0
Rafael Leao,POR,FW,RAFAEL LEAO,901.0,Rafael Leao,23.0
Joao Cancelo,POR,DF,JOAO CANCELO,904.0,Joao Cancelo,23.0
Bruno Fernandes,POR,MF,BRUNO FERNANDES,892.0,Bruno Fernandes,23.0
Tijjani Reijnders,NED,MF,TIJJANI REIJNDERS,768.0,Tijjani Reijnders,9.0
Eberechi Eze,ENG,MF,EBERECHI EZE,463.0,Eberechi Eze,5.0
Pedro Neto,POR,FW,PEDRO NETO,902.0,Pedro Neto,23.0
Felix Nmecha,GER,MF,FELIX NMECHA,517.0,Felix Nmecha,7.0
Mateo Kovacic,CRO,MF,MATEO KOVACIC,320.0,Mateo Kovacic,18.0
Nadiem Amiri,GER,MF,NADIEM AMIRI,514.0,Nadiem Amiri,7.0
Michael Gregoritsch,AUT,FW,MICHAEL GREGORITSCH,89.0,Michael Gregoritsch,14.0
Petar Sucic,CRO,MF,PETAR SUCIC,329.0,Petar Sucic,18.0
Lautaro Martinez,ARG,FW,LAUTARO MARTINEZ,48.0,Lautaro Martinez,1.0
Luis Romo,MEX,MF,LUIS ROMO,709.0,Luis Romo,8.0
Nico Gonzalez,ARG,MF,NICO GONZALEZ,41.0,Nico Gonzalez,1.0
Christian Pulisic,USA,FW,CHRISTIAN PULISIC,1206.0,Christian Pulisic,12.0
Kevin Rodriguez,ECU,FW,KEVIN RODRIGUEZ,401.0,Kevin Rodriguez,28.0
Gabriel Magalhaes,BRA,DF,GABRIEL MAGALHAES,159.0,Gabriel Magalhaes,3.0
Pedro Vite,ECU,MF,PEDRO VITE,405.0,Pedro Vite,28.0
Rodrigo De Paul,ARG,MF,RODRIGO DE PAUL,33.0,Rodrigo De Paul,1.0
Rayan,BRA,FW,RAYAN,182.0,Rayan,3.0
Gonzalo Montiel,ARG,DF,GONZALO MONTIEL,30.0,Gonzalo Montiel,1.0
Facundo Medina,ARG,DF,FACUNDO MEDINA,51.0,Facundo Medina,1.0
Alexis Mac Allister,ARG,MF,ALEXIS MAC ALLISTER,46.0,Alexis Mac Allister,1.0
Vinicius Junior,BRA,FW,VINICIUS JUNIOR,163.0,Vinicius Junior,3.0
Jose Manuel Lopez,ARG,FW,JOSE MANUEL LOPEZ,47.0,Jose Manuel Lopez,1.0
Lisandro Martinez,ARG,DF,LISANDRO MARTINEZ,32.0,Lisandro Martinez,1.0
Luis Diaz,COL,FW,LUIS DIAZ,241.0,Luis Diaz,4.0
Jorge Sanchez,MEX,DF,JORGE SANCHEZ,704.0,Jorge Sanchez,8.0
Luis Suarez,COL,FW,LUIS SUAREZ,259.0,Luis Suarez,4.0
Maxi Araujo,URU,MF,MAXI ARAUJO,1190.0,Maxi Araujo,36.0
Matias Galarza,PAR,MF,MATIAS GALARZA,881.0,Matias Galarza,32.0
Malik Tillman,USA,MF,MALIK TILLMAN,1213.0,Malik Tillman,12.0
Alex Freeman,USA,DF,ALEX FREEMAN,1212.0,Alex Freeman,12.0
Lucas Paqueta,BRA,MF,LUCAS PAQUETA,176.0,Lucas Paqueta,3.0
Erik Lira,MEX,MF,ERIK LIRA,708.0,Erik Lira,8.0
David Alaba,AUT,DF,DAVID ALABA,86.0,David Alaba,14.0
Cucho Hernandez,COL,FW,CUCHO HERNANDEZ,253.0,Cucho Hernandez,4.0
Julian Quinones,MEX,FW,JULIAN QUINONES,718.0,Julian Quinones,8.0
Juan Quintero,COL,MF,JUAN QUINTERO,254.0,Juan Quintero,4.0
Gustavo Puerta,COL,DF,GUSTAVO PUERTA,248.0,Gustavo Puerta,4.0
Sebastian Berhalter,USA,MF,SEBASTIAN BERHALTER,1210.0,Sebastian Berhalter,12.0
Matias Vina,URU,DF,MATIAS VINA,1187.0,Matias Vina,36.0
Ronald Araujo,URU,DF,RONALD ARAUJO,1174.0,Ronald Araujo,36.0
Brenden Aaronson,USA,FW,BRENDEN AARONSON,1207.0,Brenden Aaronson,12.0
Casemiro,BRA,MF,CASEMIRO,161.0,Casemiro,3.0
Kevin Castano,COL,MF,KEVIN CASTANO,239.0,Kevin Castano,4.0
Exequiel Palacios,ARG,MF,EXEQUIEL PALACIOS,40.0,Exequiel Palacios,1.0
Nicolas Tagliafico,ARG,DF,NICOLAS TAGLIAFICO,29.0,Nicolas Tagliafico,1.0
Emiliano Martinez,ARG,GK,EMILIANO MARTINEZ,49.0,Emiliano Martinez,1.0
Timothy Weah,USA,FW,TIMOTHY WEAH,1217.0,Timothy Weah,12.0
Antonio Sanabria,PAR,FW,ANTONIO SANABRIA,867.0,Antonio Sanabria,32.0
Miles Robinson,USA,DF,MILES ROBINSON,1208.0,Miles Robinson,12.0
Leandro Paredes,ARG,MF,LEANDRO PAREDES,31.0,Leandro Paredes,1.0
Jose Canale,PAR,DF,JOSE CANALE,871.0,Jose Canale,32.0
Brian Rodriguez,URU,FW,BRIAN RODRIGUEZ,1188.0,Brian Rodriguez,36.0
Antonee Robinson,USA,DF,ANTONEE ROBINSON,1201.0,Antonee Robinson,12.0
Jordy Alcivar,ECU,MF,JORDY ALCIVAR,395.0,Jordy Alcivar,28.0
Edgar Yoel Barcenas,PAN,MF,EDGAR YOEL BARCENAS,843.0,Edgar Yoel Barcenas,43.0
Juan Portilla,COL,MF,JUAN PORTILLA,249.0,Juan Portilla,4.0
Fabinho,BRA,MF,FABINHO,173.0,Fabinho,3.0
Miguel Almiron,PAR,MF,MIGUEL ALMIRON,868.0,Miguel Almiron,32.0
Fernando Muslera,URU,GK,FERNANDO MUSLERA,1193.0,Fernando Muslera,36.0
Sergio Rochet,URU,GK,SERGIO ROCHET,1171.0,Sergio Rochet,36.0
Danilo Santos,BRA,MF,DANILO SANTOS,174.0,Danilo Santos,3.0
Jhon Arias,COL,MF,JHON ARIAS,245.0,Jhon Arias,4.0
Denil Castillo,ECU,MF,DENIL CASTILLO,408.0,Denil Castillo,28.0
Juan Manuel Sanabria,URU,MF,JUAN MANUEL SANABRIA,1195.0,Juan Manuel Sanabria,36.0
Ricardo Pepi,USA,FW,RICARDO PEPI,1205.0,Ricardo Pepi,12.0
Gabriel Avalos,PAR,FW,GABRIEL AVALOS,879.0,Gabriel Avalos,32.0
Cristian Roldan,USA,MF,CRISTIAN ROLDAN,1211.0,Cristian Roldan,12.0
Giorgian De Arrascaeta,URU,MF,GIORGIAN DE ARRASCAETA,1180.0,Giorgian De Arrascaeta,36.0
Nahuel Molina,ARG,DF,NAHUEL MOLINA,52.0,Nahuel Molina,1.0
Fidel Escobar,PAN,DF,FIDEL ESCOBAR,836.0,Fidel Escobar,43.0
Ramon Sosa,PAR,MF,RAMON SOSA,865.0,Ramon Sosa,32.0
Tyler Adams,USA,MF,TYLER ADAMS,1200.0,Tyler Adams,12.0
Gaston Olveira,PAR,GK,GASTON OLVEIRA,880.0,Gaston Olveira,32.0
Bremer,BRA,DF,BREMER,170.0,Bremer,3.0
Gonzalo Valle,ECU,GK,GONZALO VALLE,412.0,Gonzalo Valle,28.0
Rodrigo Aguirre,URU,FW,RODRIGO AGUIRRE,1189.0,Rodrigo Aguirre,36.0
Raphinha,BRA,FW,RAPHINHA,167.0,Raphinha,3.0
Felix Torres,ECU,DF,FELIX TORRES,392.0,Felix Torres,28.0
Cesar Huerta,MEX,FW,CESAR HUERTA,723.0,Cesar Huerta,8.0
Alex Sandro,BRA,DF,ALEX SANDRO,162.0,Alex Sandro,3.0
Alisson,BRA,GK,ALISSON,157.0,Alisson,3.0
Carlos Acevedo,MEX,GK,CARLOS ACEVEDO,714.0,Carlos Acevedo,8.0
Rodrigo Bentancur,URU,MF,RODRIGO BENTANCUR,1176.0,Rodrigo Bentancur,36.0
Weston Mckennie,USA,MF,WESTON MCKENNIE,1204.0,Weston Mckennie,12.0
Chris Richards,USA,DF,CHRIS RICHARDS,1199.0,Chris Richards,12.0
Nicolas Otamendi,ARG,DF,NICOLAS OTAMENDI,45.0,Nicolas Otamendi,1.0
Gonzalo Plata,ECU,FW,GONZALO PLATA,409.0,Gonzalo Plata,28.0
Alvaro Fidalgo,MEX,MF,ALVARO FIDALGO,710.0,Alvaro Fidalgo,8.0
Roger Ibanez,BRA,DF,ROGER IBANEZ,180.0,Roger Ibanez,3.0
Santiago Gimenez,MEX,FW,SANTIAGO GIMENEZ,713.0,Santiago Gimenez,8.0
Alan Minda,ECU,MF,ALAN MINDA,404.0,Alan Minda,28.0
Cristian Martinez,PAN,MF,CRISTIAN MARTINEZ,838.0,Cristian Martinez,43.0
Raul Jimenez,MEX,FW,RAUL JIMENEZ,711.0,Raul Jimenez,8.0
Agustin Canobbio,URU,MF,AGUSTIN CANOBBIO,1184.0,Agustin Canobbio,36.0
Andres Cubas,PAR,MF,ANDRES CUBAS,872.0,Andres Cubas,32.0
Joe Scally,USA,DF,JOE SCALLY,1219.0,Joe Scally,12.0
Angelo Preciado,ECU,DF,ANGELO PRECIADO,407.0,Angelo Preciado,28.0
Neymar Jr,BRA,FW,NEYMAR JR,166.0,Neymar Jr,3.0
Eric Davis,PAN,DF,ERIC DAVIS,847.0,Eric Davis,43.0
Mauricio,PAR,MF,MAURICIO,869.0,Mauricio,32.0
Jose Cordoba,PAN,DF,JOSE CORDOBA,835.0,Jose Cordoba,43.0
Alex Zendejas,USA,FW,ALEX ZENDEJAS,1222.0,Alex Zendejas,12.0
Raul Rangel,MEX,GK,RAUL RANGEL,703.0,Raul Rangel,8.0
Giuliano Simeone,ARG,FW,GIULIANO SIMEONE,43.0,Giuliano Simeone,1.0
Mateo Chavez,MEX,DF,MATEO CHAVEZ,722.0,Mateo Chavez,8.0
Piero Hincapie,ECU,DF,PIERO HINCAPIE,393.0,Piero Hincapie,28.0
Orlando Gill,PAR,GK,ORLANDO GILL,870.0,Orlando Gill,32.0
Carlos Harvey,PAN,DF,CARLOS HARVEY,846.0,Carlos Harvey,43.0
Josue Casimir,HAI,FW,JOSUE CASIMIR,567.0,Josue Casimir,39.0
Moises Ramirez,ECU,GK,MOISES RAMIREZ,402.0,Moises Ramirez,28.0
John Yeboah,ECU,FW,JOHN YEBOAH,399.0,John Yeboah,28.0
Daniel Munoz,COL,DF,DANIEL MUNOZ,236.0,Daniel Munoz,4.0
Isidro Pitta,PAR,FW,ISIDRO PITTA,883.0,Isidro Pitta,32.0
Tomas Rodriguez,PAN,FW,TOMAS RODRIGUEZ,841.0,Tomas Rodriguez,43.0
Guillermo Varela,URU,DF,GUILLERMO VARELA,1183.0,Guillermo Varela,36.0
Cecilio Waterman,PAN,FW,CECILIO WATERMAN,850.0,Cecilio Waterman,43.0
Giovanni Reyna,USA,MF,GIOVANNI REYNA,1203.0,Giovanni Reyna,12.0
Obed Vargas,MEX,MF,OBED VARGAS,720.0,Obed Vargas,8.0
Santiago Mele,URU,GK,SANTIAGO MELE,1182.0,Santiago Mele,36.0
Igor Thiago,BRA,FW,IGOR THIAGO,181.0,Igor Thiago,3.0
Jaminton Campaz,COL,FW,JAMINTON CAMPAZ,255.0,Jaminton Campaz,4.0
Thiago Almada,ARG,FW,THIAGO ALMADA,42.0,Thiago Almada,1.0
Alexis Vega,MEX,FW,ALEXIS VEGA,712.0,Alexis Vega,8.0
Valentin Barco,ARG,MF,VALENTIN BARCO,34.0,Valentin Barco,1.0
Jorge Gutierrez,PAN,DF,JORGE GUTIERREZ,858.0,Jorge Gutierrez,43.0
Camilo Vargas,COL,GK,CAMILO VARGAS,246.0,Camilo Vargas,4.0
Cesar Montes,MEX,DF,CESAR MONTES,705.0,Cesar Montes,8.0
Joaquin Piquerez,URU,MF,JOAQUIN PIQUEREZ,1192.0,Joaquin Piquerez,36.0
Giovani Lo Celso,ARG,MF,GIOVANI LO CELSO,37.0,Giovani Lo Celso,1.0
Gustavo Velazquez,PAR,DF,GUSTAVO VELAZQUEZ,860.0,Gustavo Velazquez,32.0
Andres Andrade,PAN,DF,ANDRES ANDRADE,848.0,Andres Andrade,43.0
Facundo Pellistri,URU,FW,FACUNDO PELLISTRI,1181.0,Facundo Pellistri,36.0
Gilberto Mora,MEX,MF,GILBERTO MORA,721.0,Gilberto Mora,8.0
Ederson Silva,BRA,MF,EDERSON SILVA,158.0,Ederson Silva,3.0
Mark Mckenzie,USA,DF,MARK MCKENZIE,1218.0,Mark Mckenzie,12.0
Guillermo Ochoa,MEX,GK,GUILLERMO OCHOA,715.0,Guillermo Ochoa,8.0
Gustavo Caballero,PAR,MF,GUSTAVO CABALLERO,882.0,Gustavo Caballero,32.0
Orlando Mosquera,PAN,GK,ORLANDO MOSQUERA,854.0,Orlando Mosquera,43.0
Matheus Cunha,BRA,FW,MATHEUS CUNHA,165.0,Matheus Cunha,3.0
Cesar Blackman,PAN,DF,CESAR BLACKMAN,834.0,Cesar Blackman,43.0
Manuel Ugarte,URU,MF,MANUEL UGARTE,1175.0,Manuel Ugarte,36.0
Moises Caicedo,ECU,MF,MOISES CAICEDO,413.0,Moises Caicedo,28.0
Mathias Olivera,URU,DF,MATHIAS OLIVERA,1186.0,Mathias Olivera,36.0
Luis Chavez,MEX,MF,LUIS CHAVEZ,726.0,Luis Chavez,8.0
Santiago Arias,COL,DF,SANTIAGO ARIAS,238.0,Santiago Arias,4.0
Douglas Santos,BRA,DF,DOUGLAS SANTOS,172.0,Douglas Santos,3.0
Alex Arce,PAR,FW,ALEX ARCE,876.0,Alex Arce,32.0
Cesar Yanis,PAN,MF,CESAR YANIS,853.0,Cesar Yanis,43.0
Enner Valencia,ECU,FW,ENNER VALENCIA,403.0,Enner Valencia,28.0
Julian Alvarez,ARG,FW,JULIAN ALVAREZ,35.0,Julian Alvarez,1.0
Nico Paz,ARG,FW,NICO PAZ,44.0,Nico Paz,1.0
Nicolas De La Cruz,URU,MF,NICOLAS DE LA CRUZ,1177.0,Nicolas De La Cruz,36.0
Jackson Porozo,ECU,DF,JACKSON POROZO,415.0,Jackson Porozo,28.0
Federico Vinas,URU,FW,FEDERICO VINAS,1191.0,Federico Vinas,36.0
Edson Alvarez,MEX,DF,EDSON ALVAREZ,706.0,Edson Alvarez,8.0
Juan Jose Caceres,PAR,DF,JUAN JOSE CACERES,862.0,Juan Jose Caceres,32.0
Alan Franco,ECU,MF,ALAN FRANCO,411.0,Alan Franco,28.0
Marko Arnautovic,AUT,FW,MARKO ARNAUTOVIC,85.0,Marko Arnautovic,14.0
Jose Maria Gimenez,URU,DF,JOSE MARIA GIMENEZ,1172.0,Jose Maria Gimenez,36.0
Cesar Samudio,PAN,GK,CESAR SAMUDIO,844.0,Cesar Samudio,43.0
Johan Mojica,COL,DF,JOHAN MOJICA,251.0,Johan Mojica,4.0
Roderick Miller,PAN,DF,RODERICK MILLER,857.0,Roderick Miller,43.0
Marquinhos,BRA,DF,MARQUINHOS,160.0,Marquinhos,3.0
Haji Wright,USA,FW,HAJI WRIGHT,1215.0,Haji Wright,12.0
Damian Bobadilla,PAR,MF,DAMIAN BOBADILLA,874.0,Damian Bobadilla,32.0
Azarias Londono,PAN,FW,AZARIAS LONDONO,856.0,Azarias Londono,43.0
Andres Gomez,COL,FW,ANDRES GOMEZ,260.0,Andres Gomez,4.0
Hernan Galindez,ECU,GK,HERNAN GALINDEZ,391.0,Hernan Galindez,28.0
Endrick,BRA,FW,ENDRICK,175.0,Endrick,3.0
Jorge Carrascal,COL,MF,JORGE CARRASCAL,242.0,Jorge Carrascal,4.0
Anthony Valencia,ECU,MF,ANTHONY VALENCIA,398.0,Anthony Valencia,28.0
Ismael Diaz,PAN,MF,ISMAEL DIAZ,842.0,Ismael Diaz,43.0
Braian Ojeda,PAR,MF,BRAIAN OJEDA,878.0,Braian Ojeda,32.0
Dominique Simon,HAI,MF,DOMINIQUE SIMON,571.0,Dominique Simon,39.0
Leo Pereira,BRA,DF,LEO PEREIRA,171.0,Leo Pereira,3.0
Jesus Gallardo,MEX,DF,JESUS GALLARDO,725.0,Jesus Gallardo,8.0
Jiovany Ramos,PAN,DF,JIOVANY RAMOS,845.0,Jiovany Ramos,43.0
Yassin Fortune,HAI,FW,YASSIN FORTUNE,565.0,Yassin Fortune,39.0
Marcos Senesi,ARG,DF,MARCOS SENESI,28.0,Marcos Senesi,1.0
Jefferson Lerma,COL,MF,JEFFERSON LERMA,250.0,Jefferson Lerma,4.0
Israel Reyes,MEX,DF,ISRAEL REYES,717.0,Israel Reyes,8.0
Willian Pacho,ECU,DF,WILLIAN PACHO,396.0,Willian Pacho,28.0
Armando Gonzalez,MEX,FW,ARMANDO GONZALEZ,716.0,Armando Gonzalez,8.0
Diego Gomez,PAR,MF,DIEGO GOMEZ,866.0,Diego Gomez,32.0
Edgardo Farina,PAN,DF,EDGARDO FARINA,837.0,Edgardo Farina,43.0
Tim Ream,USA,DF,TIM REAM,1209.0,Tim Ream,12.0
Auston Trusty,USA,DF,AUSTON TRUSTY,1202.0,Auston Trusty,12.0
Federico Valverde,URU,MF,FEDERICO VALVERDE,1178.0,Federico Valverde,36.0
Pervis Estupinan,ECU,DF,PERVIS ESTUPINAN,397.0,Pervis Estupinan,28.0
Anibal Godoy,PAN,MF,ANIBAL GODOY,852.0,Anibal Godoy,43.0
Luiz Henrique,BRA,FW,LUIZ HENRIQUE,177.0,Luiz Henrique,3.0
Danilo,BRA,DF,DANILO,169.0,Danilo,3.0
Alejandro Romero Gamarra,PAR,FW,ALEJANDRO ROMERO GAMARRA,875.0,Alejandro Romero Gamarra,32.0
Santiago Bueno,URU,DF,SANTIAGO BUENO,1194.0,Santiago Bueno,36.0
Alvaro Montero,COL,GK,ALVARO MONTERO,258.0,Alvaro Montero,4.0
Cristian Romero,ARG,DF,CRISTIAN ROMERO,39.0,Cristian Romero,1.0
Darwin Nunez,URU,FW,DARWIN NUNEZ,1179.0,Darwin Nunez,36.0
Junior Alonso,PAR,DF,JUNIOR ALONSO,864.0,Junior Alonso,32.0
Matt Turner,USA,GK,MATT TURNER,1197.0,Matt Turner,12.0
Alberto Quintero,PAN,MF,ALBERTO QUINTERO,851.0,Alberto Quintero,43.0
Luis Mejia,PAN,GK,LUIS MEJIA,833.0,Luis Mejia,43.0
Jhon Lucumi,COL,DF,JHON LUCUMI,237.0,Jhon Lucumi,4.0
Sebastian Caceres,URU,DF,SEBASTIAN CACERES,1173.0,Sebastian Caceres,36.0
Ederson,BRA,GK,EDERSON,179.0,Ederson,3.0
Alexandro Maidana,PAR,DF,ALEXANDRO MAIDANA,884.0,Alexandro Maidana,32.0
Davinson Sanchez,COL,DF,DAVINSON SANCHEZ,257.0,Davinson Sanchez,4.0
Emiliano Martinez,URU,MF,EMILIANO MARTINEZ,1185.0,Emiliano Martinez,36.0
Gustavo Gomez,PAR,DF,GUSTAVO GOMEZ,873.0,Gustavo Gomez,32.0
Chris Brady,USA,GK,CHRIS BRADY,1221.0,Chris Brady,12.0
Yaimar Medina,ECU,DF,YAIMAR MEDINA,416.0,Yaimar Medina,28.0
Brian Gutierrez,MEX,MF,BRIAN GUTIERREZ,728.0,Brian Gutierrez,8.0
Fabian Balbuena,PAR,DF,FABIAN BALBUENA,863.0,Fabian Balbuena,32.0
Nilson Angulo,ECU,FW,NILSON ANGULO,410.0,Nilson Angulo,28.0
Rodrigo Zalazar,URU,MF,RODRIGO ZALAZAR,1196.0,Rodrigo Zalazar,36.0
Richard Rios,COL,MF,RICHARD RIOS,240.0,Richard Rios,4.0
Jhon Cordoba,COL,FW,JHON CORDOBA,243.0,Jhon Cordoba,4.0
Matt Freese,USA,GK,MATT FREESE,1220.0,Matt Freese,12.0
Joel Ordonez,ECU,DF,JOEL ORDONEZ,394.0,Joel Ordonez,28.0
Adalberto Carrasquilla,PAN,MF,ADALBERTO CARRASQUILLA,840.0,Adalberto Carrasquilla,43.0
Gatito Fernandez,PAR,GK,GATITO FERNANDEZ,859.0,Gatito Fernandez,32.0
Folarin Balogun,USA,FW,FOLARIN BALOGUN,1216.0,Folarin Balogun,12.0
Willer Ditta,COL,DF,WILLER DITTA,252.0,Willer Ditta,4.0
James Rodriguez,COL,MF,JAMES RODRIGUEZ,244.0,James Rodriguez,4.0
Johan Vasquez,MEX,DF,JOHAN VASQUEZ,707.0,Johan Vasquez,8.0
Weverton,BRA,GK,WEVERTON,168.0,Weverton,3.0
Jose Fajardo,PAN,FW,JOSE FAJARDO,849.0,Jose Fajardo,43.0
Sergino Dest,USA,DF,SERGINO DEST,1198.0,Sergino Dest,12.0
Jeremy Arevalo,ECU,FW,JEREMY AREVALO,414.0,Jeremy Arevalo,28.0
Max Arfsten,USA,DF,MAX ARFSTEN,1214.0,Max Arfsten,12.0
Deiver Machado,COL,DF,DEIVER MACHADO,256.0,Deiver Machado,4.0
Orbelin Pineda,MEX,MF,ORBELIN PINEDA,719.0,Orbelin Pineda,8.0
Gabriel Martinelli,BRA,FW,GABRIEL MARTINELLI,178.0,Gabriel Martinelli,3.0
Geronimo Rulli,ARG,GK,GERONIMO RULLI,38.0,Geronimo Rulli,1.0
Kendry Paez,ECU,MF,KENDRY PAEZ,400.0,Kendry Paez,28.0
Omar Alderete,PAR,DF,OMAR ALDERETE,861.0,Omar Alderete,32.0
Jose Luis Rodriguez,PAN,MF,JOSE LUIS RODRIGUEZ,839.0,Jose Luis Rodriguez,43.0
Enzo Fernandez,ARG,MF,ENZO FERNANDEZ,50.0,Enzo Fernandez,1.0
Juan Musso,ARG,GK,JUAN MUSSO,27.0,Juan Musso,1.0
Guillermo Martinez,MEX,FW,GUILLERMO MARTINEZ,724.0,Guillermo Martinez,8.0
Amir Murillo,PAN,DF,AMIR MURILLO,855.0,Amir Murillo,43.0
David Ospina,COL,GK,DAVID OSPINA,235.0,David Ospina,4.0
Yerry Mina,COL,DF,YERRY MINA,247.0,Yerry Mina,4.0
Jordy Caicedo,ECU,FW,JORDY CAICEDO,406.0,Jordy Caicedo,28.0
Irfan Can Kahveci,TUR,FW,IRFAN CAN KAHVECI,1161.0,Irfan Can Kahveci,47.0
Ajdin Hrustic,AUS,FW,AJDIN HRUSTIC,62.0,Ajdin Hrustic,13.0
Gavi,ESP,MF,GAVI,1049.0,Gavi,10.0
Djibril Sow,SUI,MF,DJIBRIL SOW,1107.0,Djibril Sow,11.0
Kaan Ayhan,TUR,MF,KAAN AYHAN,1166.0,Kaan Ayhan,47.0
Ivan Sunjic,BIH,MF,IVAN SUNJIC,144.0,Ivan Sunjic,26.0
Utkir Yusupov,UZB,GK,UTKIR YUSUPOV,1223.0,Utkir Yusupov,48.0
Mohamed Toure,AUS,FW,MOHAMED TOURE,61.0,Mohamed Toure,13.0
Stepan Chaloupek,CZE,DF,STEPAN CHALOUPEK,370.0,Stepan Chaloupek,38.0
Botirali Ergashev,UZB,GK,BOTIRALI ERGASHEV,1238.0,Botirali Ergashev,48.0
Awer Mabil,AUS,FW,AWER MABIL,63.0,Awer Mabil,13.0
Mert Gunok,TUR,GK,MERT GUNOK,1145.0,Mert Gunok,47.0
Viktor Johansson,SWE,GK,VIKTOR JOHANSSON,1078.0,Viktor Johansson,35.0
Findlay Curtis,SCO,FW,FINDLAY CURTIS,987.0,Findlay Curtis,33.0
Taha Ali,SWE,FW,TAHA ALI,1092.0,Taha Ali,35.0
Yasin Ayari,SWE,MF,YASIN AYARI,1084.0,Yasin Ayari,35.0
Patrick Beach,AUS,GK,PATRICK BEACH,70.0,Patrick Beach,13.0
Denis Visinsky,CZE,FW,DENIS VISINSKY,390.0,Denis Visinsky,38.0
John Souttar,SCO,DF,JOHN SOUTTAR,977.0,John Souttar,33.0
Farrukh Sayfiev,UZB,DF,FARRUKH SAYFIEV,1226.0,Farrukh Sayfiev,48.0
Jordan Bos,AUS,DF,JORDAN BOS,57.0,Jordan Bos,13.0
Kai Trewin,AUS,DF,KAI TREWIN,67.0,Kai Trewin,13.0
Gabriel Gudmundsson,SWE,DF,GABRIEL GUDMUNDSSON,1071.0,Gabriel Gudmundsson,35.0
Tomas Soucek,CZE,MF,TOMAS SOUCEK,386.0,Tomas Soucek,38.0
Cameron Devlin,AUS,MF,CAMERON DEVLIN,66.0,Cameron Devlin,13.0
Yunus Akgun,TUR,FW,YUNUS AKGUN,1163.0,Yunus Akgun,47.0
Ben Old,NZL,MF,BEN OLD,799.0,Ben Old,42.0
Nathan Patterson,SCO,DF,NATHAN PATTERSON,984.0,Nathan Patterson,33.0
Jaroslav Zeleny,CZE,DF,JAROSLAV ZELENY,384.0,Jaroslav Zeleny,38.0
Alex Grimaldo,ESP,DF,ALEX GRIMALDO,1043.0,Alex Grimaldo,10.0
Nishan Velupillay,AUS,FW,NISHAN VELUPILLAY,75.0,Nishan Velupillay,13.0
Gustaf Lagerbielke,SWE,DF,GUSTAF LAGERBIELKE,1068.0,Gustaf Lagerbielke,35.0
Rustam Ashurmatov,UZB,DF,RUSTAM ASHURMATOV,1227.0,Rustam Ashurmatov,48.0
Jamshid Iskanderov,UZB,MF,JAMSHID ISKANDEROV,1230.0,Jamshid Iskanderov,48.0
Elliot Stroud,SWE,DF,ELLIOT STROUD,1090.0,Elliot Stroud,35.0
Tyler Fletcher,SCO,MF,TYLER FLETCHER,970.0,Tyler Fletcher,33.0
Jacob Widell Zetterstrom,SWE,GK,JACOB WIDELL ZETTERSTROM,1067.0,Jacob Widell Zetterstrom,35.0
Lawrence Shankland,SCO,FW,LAWRENCE SHANKLAND,982.0,Lawrence Shankland,33.0
Manuel Akanji,SUI,DF,MANUEL AKANJI,1097.0,Manuel Akanji,11.0
Hakan Calhanoglu,TUR,MF,HAKAN CALHANOGLU,1154.0,Hakan Calhanoglu,47.0
Aiden Oneill,AUS,MF,AIDEN ONEILL,65.0,Aiden Oneill,13.0
Nestory Irankunda,AUS,FW,NESTORY IRANKUNDA,69.0,Nestory Irankunda,13.0
Igor Sergeev,UZB,FW,IGOR SERGEEV,1243.0,Igor Sergeev,48.0
Alex Paulsen,NZL,GK,ALEX PAULSEN,792.0,Alex Paulsen,42.0
Scott Mctominay,SCO,MF,SCOTT MCTOMINAY,966.0,Scott Mctominay,33.0
Pau Cubarsi,ESP,DF,PAU CUBARSI,1062.0,Pau Cubarsi,10.0
Cristian Volpato,AUS,FW,CRISTIAN VOLPATO,72.0,Cristian Volpato,13.0
Isak Hien,SWE,DF,ISAK HIEN,1070.0,Isak Hien,35.0
Dostonbek Khamdamov,UZB,MF,DOSTONBEK KHAMDAMOV,1239.0,Dostonbek Khamdamov,48.0
Haris Tabakovic,BIH,FW,HARIS TABAKOVIC,153.0,Haris Tabakovic,26.0
Merih Demiral,TUR,DF,MERIH DEMIRAL,1147.0,Merih Demiral,47.0
Dzenis Burnic,BIH,MF,DZENIS BURNIC,147.0,Dzenis Burnic,26.0
Tomas Holes,CZE,DF,TOMAS HOLES,367.0,Tomas Holes,38.0
Salih Ozcan,TUR,MF,SALIH OZCAN,1149.0,Salih Ozcan,47.0
Caglar Soyuncu,TUR,DF,CAGLAR SOYUNCU,1148.0,Caglar Soyuncu,47.0
Yvon Mvogo,SUI,GK,YVON MVOGO,1104.0,Yvon Mvogo,11.0
Alessandro Circati,AUS,DF,ALESSANDRO CIRCATI,55.0,Alessandro Circati,13.0
Odiljon Xamrobekov,UZB,MF,ODILJON XAMROBEKOV,1231.0,Odiljon Xamrobekov,48.0
Scott Mckenna,SCO,DF,SCOTT MCKENNA,988.0,Scott Mckenna,33.0
Connor Metcalfe,AUS,MF,CONNOR METCALFE,60.0,Connor Metcalfe,13.0
Hjalmar Ekdal,SWE,DF,HJALMAR EKDAL,1080.0,Hjalmar Ekdal,35.0
Otabek Shukurov,UZB,MF,OTABEK SHUKUROV,1229.0,Otabek Shukurov,48.0
Jacob Italiano,AUS,DF,JACOB ITALIANO,56.0,Jacob Italiano,13.0
Harry Souttar,AUS,DF,HARRY SOUTTAR,71.0,Harry Souttar,13.0
Amar Dedic,BIH,DF,AMAR DEDIC,137.0,Amar Dedic,26.0
Ben Waine,NZL,FW,BEN WAINE,798.0,Ben Waine,42.0
Sherzod Nasrullaev,UZB,DF,SHERZOD NASRULLAEV,1235.0,Sherzod Nasrullaev,48.0
Ross Stewart,SCO,FW,ROSS STEWART,976.0,Ross Stewart,33.0
Arda Guler,TUR,FW,ARDA GULER,1152.0,Arda Guler,47.0
Besfort Zeneli,SWE,MF,BESFORT ZENELI,1088.0,Besfort Zeneli,35.0
Gregor Kobel,SUI,GK,GREGOR KOBEL,1093.0,Gregor Kobel,11.0
Nando Pijnaker,NZL,DF,NANDO PIJNAKER,795.0,Nando Pijnaker,42.0
Lamine Yamal,ESP,FW,LAMINE YAMAL,1059.0,Lamine Yamal,10.0
Can Uzun,TUR,FW,CAN UZUN,1170.0,Can Uzun,47.0
Ladislav Krejci,CZE,DF,LADISLAV KREJCI,371.0,Ladislav Krejci,38.0
Eray Coemert,SUI,DF,ERAY COEMERT,1110.0,Eray Coemert,11.0
Abduvohid Nematov,UZB,GK,ABDUVOHID NEMATOV,1234.0,Abduvohid Nematov,48.0
Patrik Schick,CZE,FW,PATRIK SCHICK,374.0,Patrik Schick,38.0
Callan Elliot,NZL,DF,CALLAN ELLIOT,804.0,Callan Elliot,42.0
Liam Kelly,SCO,GK,LIAM KELLY,974.0,Liam Kelly,33.0
Lachlan Bayliss,NZL,MF,LACHLAN BAYLISS,805.0,Lachlan Bayliss,42.0
Jesse Randall,NZL,FW,JESSE RANDALL,801.0,Jesse Randall,42.0
Joan Garcia,ESP,GK,JOAN GARCIA,1053.0,Joan Garcia,10.0
Oguz Aydin,TUR,FW,OGUZ AYDIN,1168.0,Oguz Aydin,47.0
Nico Elvedi,SUI,DF,NICO ELVEDI,1096.0,Nico Elvedi,11.0
Abdulkerim Bardakci,TUR,DF,ABDULKERIM BARDAKCI,1158.0,Abdulkerim Bardakci,47.0
Jan Kuchta,CZE,FW,JAN KUCHTA,375.0,Jan Kuchta,38.0
Lyndon Dykes,SCO,FW,LYNDON DYKES,971.0,Lyndon Dykes,33.0
Silvan Widmer,SUI,DF,SILVAN WIDMER,1095.0,Silvan Widmer,11.0
Abdulla Abdullaev,UZB,DF,ABDULLA ABDULLAEV,1240.0,Abdulla Abdullaev,48.0
Kenny Mclean,SCO,MF,KENNY MCLEAN,985.0,Kenny Mclean,33.0
Kerem Akturkoglu,TUR,FW,KEREM AKTURKOGLU,1151.0,Kerem Akturkoglu,47.0
Avazbek Ulmasaliyev,UZB,DF,AVAZBEK ULMASALIYEV,1247.0,Avazbek Ulmasaliyev,48.0
Altay Bayindir,TUR,GK,ALTAY BAYINDIR,1156.0,Altay Bayindir,47.0
Liberato Cacace,NZL,DF,LIBERATO CACACE,793.0,Liberato Cacace,42.0
Marc Pubill,ESP,DF,MARC PUBILL,1042.0,Marc Pubill,10.0
Samet Akaydin,TUR,DF,SAMET AKAYDIN,1169.0,Samet Akaydin,47.0
Benjamin Nygren,SWE,MF,BENJAMIN NYGREN,1076.0,Benjamin Nygren,35.0
Deniz Gul,TUR,FW,DENIZ GUL,1153.0,Deniz Gul,47.0
Mikel Merino,ESP,MF,MIKEL MERINO,1046.0,Mikel Merino,10.0
Cedric Itten,SUI,FW,CEDRIC ITTEN,1118.0,Cedric Itten,11.0
Marvin Keller,SUI,GK,MARVIN KELLER,1113.0,Marvin Keller,11.0
Adam Hlozek,CZE,FW,ADAM HLOZEK,373.0,Adam Hlozek,38.0
Behruzjon Karimov,UZB,DF,BEHRUZJON KARIMOV,1246.0,Behruzjon Karimov,48.0
Mathew Leckie,AUS,FW,MATHEW LECKIE,59.0,Mathew Leckie,13.0
Granit Xhaka,SUI,MF,GRANIT XHAKA,1102.0,Granit Xhaka,11.0
Elijah Just,NZL,MF,ELIJAH JUST,791.0,Elijah Just,42.0
David Doudera,CZE,DF,DAVID DOUDERA,385.0,David Doudera,38.0
Tyler Bindon,NZL,DF,TYLER BINDON,784.0,Tyler Bindon,42.0
Aurele Amenda,SUI,DF,AURELE AMENDA,1116.0,Aurele Amenda,11.0
Michael Woud,NZL,GK,MICHAEL WOUD,802.0,Michael Woud,42.0
Victor Munoz,ESP,FW,VICTOR MUNOZ,1065.0,Victor Munoz,10.0
Abbosbek Fayzullaev,UZB,MF,ABBOSBEK FAYZULLAEV,1244.0,Abbosbek Fayzullaev,48.0
Dominic Hyam,SCO,DF,DOMINIC HYAM,978.0,Dominic Hyam,33.0
Sarpreet Singh,NZL,MF,SARPREET SINGH,790.0,Sarpreet Singh,42.0
Alexander Bernhardsson,SWE,DF,ALEXANDER BERNHARDSSON,1087.0,Alexander Bernhardsson,35.0
Nihad Mujakic,BIH,DF,NIHAD MUJAKIC,132.0,Nihad Mujakic,26.0
Oston Urunov,UZB,MF,OSTON URUNOV,1233.0,Oston Urunov,48.0
Christian Fassnacht,SUI,FW,CHRISTIAN FASSNACHT,1108.0,Christian Fassnacht,11.0
Dan Ndoye,SUI,FW,DAN NDOYE,1103.0,Dan Ndoye,11.0
Ismail Yuksek,TUR,MF,ISMAIL YUKSEK,1160.0,Ismail Yuksek,47.0
Fabian Ruiz,ESP,MF,FABIAN RUIZ,1048.0,Fabian Ruiz,10.0
Tomas Chory,CZE,FW,TOMAS CHORY,383.0,Tomas Chory,38.0
Zeki Celik,TUR,DF,ZEKI CELIK,1146.0,Zeki Celik,47.0
Ugurcan Cakir,TUR,GK,UGURCAN CAKIR,1167.0,Ugurcan Cakir,47.0
Logan Rogerson,NZL,FW,LOGAN ROGERSON,787.0,Logan Rogerson,42.0
Kristoffer Nordfeldt,SWE,GK,KRISTOFFER NORDFELDT,1089.0,Kristoffer Nordfeldt,35.0
Paul Izzo,AUS,GK,PAUL IZZO,64.0,Paul Izzo,13.0
David Jurasek,CZE,DF,DAVID JURASEK,378.0,David Jurasek,38.0
Unai Simon,ESP,GK,UNAI SIMON,1063.0,Unai Simon,10.0
David Raya,ESP,GK,DAVID RAYA,1041.0,David Raya,10.0
Callum Mccowatt,NZL,MF,CALLUM MCCOWATT,800.0,Callum Mccowatt,42.0
Victor Lindelof,SWE,DF,VICTOR LINDELOF,1069.0,Victor Lindelof,35.0
Lewis Ferguson,SCO,MF,LEWIS FERGUSON,981.0,Lewis Ferguson,33.0
Milos Degenek,AUS,DF,MILOS DEGENEK,54.0,Milos Degenek,13.0
Pedro Porro,ESP,DF,PEDRO PORRO,1052.0,Pedro Porro,10.0
Ardon Jashari,SUI,MF,ARDON JASHARI,1106.0,Ardon Jashari,11.0
Abdukodir Khusanov,UZB,DF,ABDUKODIR KHUSANOV,1224.0,Abdukodir Khusanov,48.0
Nikola Vasilj,BIH,GK,NIKOLA VASILJ,131.0,Nikola Vasilj,26.0
Esmir Bajraktarevic,BIH,FW,ESMIR BAJRAKTAREVIC,150.0,Esmir Bajraktarevic,26.0
Mojmir Chytil,CZE,FW,MOJMIR CHYTIL,377.0,Mojmir Chytil,38.0
Jack Hendry,SCO,DF,JACK HENDRY,975.0,Jack Hendry,33.0
Azizjon Ganiev,UZB,MF,AZIZJON GANIEV,1241.0,Azizjon Ganiev,48.0
Eric Smith,SWE,DF,ERIC SMITH,1086.0,Eric Smith,35.0
Joe Bell,NZL,MF,JOE BELL,786.0,Joe Bell,42.0
Jason Geria,AUS,DF,JASON GERIA,58.0,Jason Geria,13.0
Alex Rufer,NZL,MF,ALEX RUFER,794.0,Alex Rufer,42.0
Ken Sema,SWE,MF,KEN SEMA,1079.0,Ken Sema,35.0
Finn Surman,NZL,DF,FINN SURMAN,796.0,Finn Surman,42.0
Denis Zakaria,SUI,MF,DENIS ZAKARIA,1098.0,Denis Zakaria,11.0
Lukas Provod,CZE,MF,LUKAS PROVOD,381.0,Lukas Provod,38.0
David Zima,CZE,DF,DAVID ZIMA,366.0,David Zima,38.0
Fabian Rieder,SUI,MF,FABIAN RIEDER,1114.0,Fabian Rieder,11.0
Miro Muheim,SUI,DF,MIRO MUHEIM,1094.0,Miro Muheim,11.0
Ben Gannon Doak,SCO,FW,BEN GANNON DOAK,979.0,Ben Gannon-Doak,33.0
Herman Johansson,SWE,DF,HERMAN JOHANSSON,1072.0,Herman Johansson,35.0
Max Crocombe,NZL,GK,MAX CROCOMBE,781.0,Max Crocombe,42.0
Mathew Ryan,AUS,GK,MATHEW RYAN,53.0,Mathew Ryan,13.0
Yeremy Pino,ESP,FW,YEREMY PINO,1051.0,Yeremy Pino,10.0
Borja Iglesias,ESP,FW,BORJA IGLESIAS,1066.0,Borja Iglesias,10.0
Daniel Svensson,SWE,DF,DANIEL SVENSSON,1074.0,Daniel Svensson,35.0
Ryan Thomas,NZL,MF,RYAN THOMAS,803.0,Ryan Thomas,42.0
Matej Kovar,CZE,GK,MATEJ KOVAR,365.0,Matej Kovar,38.0
Jakhongir Urozov,UZB,DF,JAKHONGIR UROZOV,1248.0,Jakhongir Urozov,48.0
Aziz Behich,AUS,DF,AZIZ BEHICH,68.0,Aziz Behich,13.0
Robin Hranac,CZE,DF,ROBIN HRANAC,368.0,Robin Hranac,38.0
Azizbek Amonov,UZB,FW,AZIZBEK AMONOV,1242.0,Azizbek Amonov,48.0
Michal Sadilek,CZE,MF,MICHAL SADILEK,382.0,Michal Sadilek,38.0
Zeki Amdouni,SUI,FW,ZEKI AMDOUNI,1115.0,Zeki Amdouni,11.0
Mattias Svanberg,SWE,MF,MATTIAS SVANBERG,1085.0,Mattias Svanberg,35.0
Aaron Hickey,SCO,DF,AARON HICKEY,964.0,Aaron Hickey,33.0
Noah Okafor,SUI,FW,NOAH OKAFOR,1111.0,Noah Okafor,11.0
Pedri,ESP,MF,PEDRI,1060.0,Pedri,10.0
Ryan Christie,SCO,MF,RYAN CHRISTIE,973.0,Ryan Christie,33.0
Ermedin Demirovic,BIH,FW,ERMEDIN DEMIROVIC,140.0,Ermedin Demirovic,26.0
Mert Muldur,TUR,DF,MERT MULDUR,1162.0,Mert Muldur,47.0
Lukas Cerv,CZE,MF,LUKAS CERV,376.0,Lukas Cerv,38.0
Sherzod Esanov,UZB,MF,SHERZOD ESANOV,1245.0,Sherzod Esanov,48.0
Edin Dzeko,BIH,FW,EDIN DZEKO,141.0,Edin Dzeko,26.0
Michel Aebischer,SUI,MF,MICHEL AEBISCHER,1112.0,Michel Aebischer,11.0
Luca Jaquez,SUI,DF,LUCA JAQUEZ,1117.0,Luca Jaquez,11.0
Martin Zubimendi,ESP,MF,MARTIN ZUBIMENDI,1058.0,Martin Zubimendi,10.0
Umar Eshmurodov,UZB,DF,UMAR ESHMURODOV,1237.0,Umar Eshmurodov,48.0
Gustaf Nilsson,SWE,FW,GUSTAF NILSSON,1091.0,Gustaf Nilsson,35.0
Kenan Yildiz,TUR,FW,KENAN YILDIZ,1155.0,Kenan Yildiz,47.0
Pavel Sulc,CZE,FW,PAVEL SULC,379.0,Pavel Sulc,38.0
Kosta Barbarouses,NZL,FW,KOSTA BARBAROUSES,797.0,Kosta Barbarouses,42.0
Carl Starfelt,SWE,DF,CARL STARFELT,1081.0,Carl Starfelt,35.0
Francis De Vries,NZL,DF,FRANCIS DE VRIES,783.0,Francis De Vries,42.0
Jackson Irvine,AUS,MF,JACKSON IRVINE,74.0,Jackson Irvine,13.0
Jindrich Stanek,CZE,GK,JINDRICH STANEK,380.0,Jindrich Stanek,38.0
Rodri,ESP,MF,RODRI,1056.0,Rodri,10.0
Che Adams,SCO,FW,CHE ADAMS,972.0,Che Adams,33.0
George Hirst,SCO,FW,GEORGE HIRST,980.0,George Hirst,33.0
Cameron Burgess,AUS,DF,CAMERON BURGESS,73.0,Cameron Burgess,13.0
Michael Boxall,NZL,DF,MICHAEL BOXALL,785.0,Michael Boxall,42.0
Jesper Karlstrom,SWE,MF,JESPER KARLSTROM,1082.0,Jesper Karlstrom,35.0
Hugo Sochurek,CZE,MF,HUGO SOCHUREK,389.0,Hugo Sochurek,38.0
Eldor Shomurodov,UZB,FW,ELDOR SHOMURODOV,1236.0,Eldor Shomurodov,48.0
Khojiakbar Alijonov,UZB,DF,KHOJIAKBAR ALIJONOV,1225.0,Khojiakbar Alijonov,48.0
Eren Elmali,TUR,DF,EREN ELMALI,1157.0,Eren Elmali,47.0
Tete Yengi,AUS,FW,TETE YENGI,78.0,Tete Yengi,13.0
Ozan Kabak,TUR,DF,OZAN KABAK,1159.0,Ozan Kabak,47.0
Lucas Herrington,AUS,DF,LUCAS HERRINGTON,77.0,Lucas Herrington,13.0
Anthony Elanga,SWE,FW,ANTHONY ELANGA,1077.0,Anthony Elanga,35.0
Ferdi Kadioglu,TUR,DF,FERDI KADIOGLU,1164.0,Ferdi Kadioglu,47.0
Eric Garcia,ESP,DF,ERIC GARCIA,1044.0,Eric Garcia,10.0
Lukas Hornicek,CZE,GK,LUKAS HORNICEK,387.0,Lukas Hornicek,38.0
Vladimir Darida,CZE,MF,VLADIMIR DARIDA,372.0,Vladimir Darida,38.0
Remo Freuler,SUI,MF,REMO FREULER,1100.0,Remo Freuler,11.0
Marko Stamenic,NZL,MF,MARKO STAMENIC,788.0,Marko Stamenic,42.0
Amir Hadziahmetovic,BIH,MF,AMIR HADZIAHMETOVIC,146.0,Amir Hadziahmetovic,26.0
Mohamed Hadj Mahmoud,TUN,MF,MOHAMED HADJ MAHMOUD,1133.0,Mohamed Hadj Mahmoud,46.0
Lyle Foster,RSA,FW,LYLE FOSTER,1023.0,Lyle Foster,24.0
Raed Chikhaoui,TUN,DF,RAED CHIKHAOUI,1142.0,Raed Chikhaoui,46.0
Dayne St Clair,CAN,GK,DAYNE ST CLAIR,209.0,Dayne St. Clair,16.0
Ange Yoan Bonny,CIV,FW,ANGE YOAN BONNY,295.0,Ange-Yoan Bonny,17.0
Wilguens Paugain,HAI,DF,WILGUENS PAUGAIN,570.0,Wilguens Paugain,39.0
Munir El Kajoui,MAR,GK,MUNIR EL KAJOUI,740.0,Munir El Kajoui,21.0
Montassar Talbi,TUN,DF,MONTASSAR TALBI,1121.0,Montassar Talbi,46.0
Sipho Chaine,RSA,GK,SIPHO CHAINE,1030.0,Sipho Chaine,24.0
Christopher Operi,CIV,DF,CHRISTOPHER OPERI,299.0,Christopher Operi,17.0
Jayden Adams,RSA,MF,JAYDEN ADAMS,1037.0,Jayden Adams,24.0
Mortadha Ben Ouanes,TUN,DF,MORTADHA BEN OUANES,1130.0,Mortadha Ben Ouanes,46.0
Krepin Diatta,SEN,DF,KREPIN DIATTA,1003.0,Krepin Diatta,34.0
Lenny Joseph,HAI,FW,LENNY JOSEPH,562.0,Lenny Joseph,39.0
Wagner Pina,CPV,DF,WAGNER PINA,206.0,Wagner Pina,15.0
Liam Millar,CAN,MF,LIAM MILLAR,219.0,Liam Millar,16.0
Prince Adu,GHA,FW,PRINCE ADU,545.0,Prince Adu,29.0
Khulumani Ndamane,RSA,DF,KHULUMANI NDAMANE,1017.0,Khulumani Ndamane,24.0
Rayan Elloumi,TUN,FW,RAYAN ELLOUMI,1136.0,Rayan Elloumi,46.0
Alfie Jones,CAN,DF,ALFIE JONES,211.0,Alfie Jones,16.0
Bara Sapoko Ndiaye,SEN,MF,BARA SAPOKO NDIAYE,1010.0,Bara Sapoko Ndiaye,34.0
Ime Okon,RSA,DF,IME OKON,1035.0,Ime Okon,24.0
Hossam Abdelmaguid,EGY,DF,HOSSAM ABDELMAGUID,420.0,Hossam Abdelmaguid,19.0
Carlens Arcus,HAI,DF,CARLENS ARCUS,548.0,Carlens Arcus,39.0
Ruben Providence,HAI,FW,RUBEN PROVIDENCE,561.0,Ruben Providence,39.0
Simon Adingra,CIV,FW,SIMON ADINGRA,296.0,Simon Adingra,17.0
Yahia Fofana,CIV,GK,YAHIA FOFANA,287.0,Yahia Fofana,17.0
Oswin Appollis,RSA,FW,OSWIN APPOLLIS,1021.0,Oswin Appollis,24.0
Abdul Mumin,GHA,DF,ABDUL MUMIN,526.0,Abdul Mumin,29.0
Kamogelo Sebelebele,RSA,FW,KAMOGELO SEBELEBELE,1039.0,Kamogelo Sebelebele,24.0
Aymen Dahmen,TUN,GK,AYMEN DAHMEN,1134.0,Aymen Dahmen,46.0
Laros Duarte,CPV,MF,LAROS DUARTE,197.0,Laros Duarte,15.0
Ismail Jakobs,SEN,DF,ISMAIL JAKOBS,1002.0,Ismail Jakobs,34.0
Joel Waterman,CAN,DF,JOEL WATERMAN,213.0,Joel Waterman,16.0
Amad Diallo,CIV,FW,AMAD DIALLO,301.0,Amad Diallo,17.0
Cyle Larin,CAN,FW,CYLE LARIN,217.0,Cyle Larin,16.0
Gessime Yassine,MAR,MF,GESSIME YASSINE,744.0,Gessime Yassine,21.0
Derrick Etienne,HAI,FW,DERRICK ETIENNE,553.0,Derrick Etienne,39.0
Jonas Adjetey,GHA,DF,JONAS ADJETEY,524.0,Jonas Adjetey,29.0
Emam Ashour,EGY,MF,EMAM ASHOUR,424.0,Emam Ashour,19.0
Mahmoud Saber,EGY,MF,MAHMOUD SABER,437.0,Mahmoud Saber,19.0
Yan Valery,TUN,DF,YAN VALERY,1138.0,Yan Valery,46.0
Ayoube Amaimouni,MAR,FW,AYOUBE AMAIMOUNI,749.0,Ayoube Amaimouni,21.0
Hamdy Fathy,EGY,MF,HAMDY FATHY,430.0,Hamdy Fathy,19.0
Pathe Ciss,SEN,MF,PATHE CISS,994.0,Pathe Ciss,34.0
Samukele Kabini,RSA,DF,SAMUKELE KABINI,1032.0,Samukele Kabini,24.0
Keeto Thermoncy,HAI,DF,KEETO THERMONCY,549.0,Keeto Thermoncy,39.0
Martin Experience,HAI,DF,MARTIN EXPERIENCE,554.0,Martin Experience,39.0
Danley Jean Jacques,HAI,MF,DANLEY JEAN JACQUES,563.0,Danley Jean Jacques,39.0
Bamba Dieng,SEN,FW,BAMBA DIENG,997.0,Bamba Dieng,34.0
Josue Duverger,HAI,GK,JOSUE DUVERGER,569.0,Josue Duverger,39.0
Louicius Deedson,HAI,FW,LOUICIUS DEEDSON,557.0,Louicius Deedson,39.0
Ghislain Konan,CIV,DF,GHISLAIN KONAN,289.0,Ghislain Konan,17.0
Elye Wahi,CIV,FW,ELYE WAHI,298.0,Elye Wahi,17.0
Dylan Bronn,TUN,DF,DYLAN BRONN,1124.0,Dylan Bronn,46.0
Anis Slimane,TUN,MF,ANIS SLIMANE,1143.0,Anis Slimane,46.0
Mouhib Chamakh,TUN,GK,MOUHIB CHAMAKH,1119.0,Mouhib Chamakh,46.0
Nkosinathi Sibisi,RSA,DF,NKOSINATHI SIBISI,1033.0,Nkosinathi Sibisi,24.0
Yasser Ibrahim,EGY,DF,YASSER IBRAHIM,418.0,Yasser Ibrahim,19.0
Jean Ricner Bellegarde,HAI,MF,JEAN RICNER BELLEGARDE,556.0,Jean-Ricner Bellegarde,39.0
Habib Diarra,SEN,MF,HABIB DIARRA,1009.0,Habib Diarra,34.0
Guela Doue,CIV,DF,GUELA DOUE,303.0,Guela Doue,17.0
Edouard Mendy,SEN,GK,EDOUARD MENDY,1004.0,Edouard Mendy,34.0
Mahdy Soliman,EGY,GK,MAHDY SOLIMAN,432.0,Mahdy Soliman,19.0
Nabil Donga,EGY,MF,NABIL DONGA,434.0,Nabil Donga,19.0
Christ Inao Oulai,CIV,MF,CHRIST INAO OULAI,312.0,Christ Inao Oulai,17.0
Kwasi Sibo,GHA,MF,KWASI SIBO,528.0,Kwasi Sibo,29.0
Jayden Nelson,CAN,FW,JAYDEN NELSON,234.0,Jayden Nelson,16.0
Ricardo Ade,HAI,DF,RICARDO ADE,550.0,Ricardo Ade,39.0
Mohanad Lashin,EGY,MF,MOHANAD LASHIN,433.0,Mohanad Lashin,19.0
Sebastian Tounekti,TUN,MF,SEBASTIAN TOUNEKTI,1144.0,Sebastian Tounekti,46.0
Elias Achouri,TUN,FW,ELIAS ACHOURI,1125.0,Elias Achouri,46.0
Carl Sainte,HAI,MF,CARL SAINTE,552.0,Carl Sainte,39.0
Ayyoub Bouaddi,MAR,MF,AYYOUB BOUADDI,734.0,Ayyoub Bouaddi,21.0
Evidence Makgopa,RSA,FW,EVIDENCE MAKGOPA,1031.0,Evidence Makgopa,24.0
Ismael Gharbi,TUN,MF,ISMAEL GHARBI,1129.0,Ismael Gharbi,46.0
Ahmed Fatouh,EGY,DF,AHMED FATOUH,429.0,Ahmed Fatouh,19.0
Antoine Mendy,SEN,DF,ANTOINE MENDY,1012.0,Antoine Mendy,34.0
Benjamin Asare,GHA,GK,BENJAMIN ASARE,536.0,Benjamin Asare,29.0
Mostafa Shoubir,EGY,GK,MOSTAFA SHOUBIR,439.0,Mostafa Shoubir,19.0
Lawrence Ati Zigi,GHA,GK,LAWRENCE ATI ZIGI,521.0,Lawrence Ati Zigi,29.0
Sabri Ben Hessen,TUN,GK,SABRI BEN HESSEN,1140.0,Sabri Ben Hessen,46.0
Redouane Halhal,MAR,DF,REDOUANE HALHAL,753.0,Redouane Halhal,21.0
Mohamed Abdelmoneim,EGY,DF,MOHAMED ABDELMONEIM,422.0,Mohamed Abdelmoneim,19.0
Olwethu Makhanya,RSA,DF,OLWETHU MAKHANYA,1038.0,Olwethu Makhanya,24.0
Inaki Williams,GHA,FW,INAKI WILLIAMS,539.0,Inaki Williams,29.0
Themba Zwane,RSA,MF,THEMBA ZWANE,1025.0,Themba Zwane,24.0
Jerome Opoku,GHA,DF,JEROME OPOKU,538.0,Jerome Opoku,29.0
Ayoub El Kaabi,MAR,FW,AYOUB EL KAABI,748.0,Ayoub El Kaabi,21.0
Jonathan Osorio,CAN,MF,JONATHAN OSORIO,229.0,Jonathan Osorio,16.0
Kojo Peprah Oppong,GHA,DF,KOJO PEPRAH OPPONG,541.0,Kojo Peprah Oppong,29.0
Jovane Cabral,CPV,MF,JOVANE CABRAL,189.0,Jovane Cabral,15.0
Kevin Pina,CPV,MF,KEVIN PINA,188.0,Kevin Pina,15.0
Alexandre Pierre,HAI,GK,ALEXANDRE PIERRE,558.0,Alexandre Pierre,39.0
Baba Rahman,GHA,DF,BABA RAHMAN,537.0,Baba Rahman,29.0
Odilon Kossounou,CIV,DF,ODILON KOSSOUNOU,293.0,Odilon Kossounou,17.0
Abdul Fatawu,GHA,FW,ABDUL FATAWU,527.0,Abdul Fatawu,29.0
Assane Diao,SEN,FW,ASSANE DIAO,995.0,Assane Diao,34.0
Jacob Shaffelburg,CAN,MF,JACOB SHAFFELBURG,222.0,Jacob Shaffelburg,16.0
Tarek Alaa,EGY,DF,TAREK ALAA,440.0,Tarek Alaa,19.0
Issa Diop,MAR,DF,ISSA DIOP,742.0,Issa Diop,21.0
Alistair Johnston,CAN,DF,ALISTAIR JOHNSTON,210.0,Alistair Johnston,16.0
Aubrey Modiba,RSA,DF,AUBREY MODIBA,1020.0,Aubrey Modiba,24.0
Elias Saad,TUN,FW,ELIAS SAAD,1126.0,Elias Saad,46.0
Ronwen Williams,RSA,GK,RONWEN WILLIAMS,1015.0,Ronwen Williams,24.0
Seko Fofana,CIV,MF,SEKO FOFANA,292.0,Seko Fofana,17.0
Kalidou Koulibaly,SEN,DF,KALIDOU KOULIBALY,991.0,Kalidou Koulibaly,34.0
Bradley Cross,RSA,DF,BRADLEY CROSS,1040.0,Bradley Cross,24.0
Richie Laryea,CAN,DF,RICHIE LARYEA,230.0,Richie Laryea,16.0
Rani Khedira,TUN,MF,RANI KHEDIRA,1131.0,Rani Khedira,46.0
Ali Abdi,TUN,DF,ALI ABDI,1120.0,Ali Abdi,46.0
Yassine Bounou,MAR,GK,YASSINE BOUNOU,729.0,Yassine Bounou,21.0
Kelvin Pires,CPV,DF,KELVIN PIRES,207.0,Kelvin Pires,15.0
El Hadji Malick Diouf,SEN,DF,EL HADJI MALICK DIOUF,1013.0,El Hadji Malick Diouf,34.0
Omar Marmoush,EGY,FW,OMAR MARMOUSH,438.0,Omar Marmoush,19.0
Tajon Buchanan,CAN,FW,TAJON BUCHANAN,225.0,Tajon Buchanan,16.0
Ibrahim Adel,EGY,FW,IBRAHIM ADEL,436.0,Ibrahim Adel,19.0
Erling Haaland,NOR,FW,ERLING HAALAND,815.0,Erling Haaland,22.0
Brian Brobbey,NED,FW,BRIAN BROBBEY,773.0,Brian Brobbey,9.0
Kai Havertz,GER,FW,KAI HAVERTZ,501.0,Kai Havertz,7.0
Yoane Wissa,COD,FW,YOANE WISSA,280.0,Yoane Wissa,27.0
Ismael Saibari,MAR,MF,ISMAEL SAIBARI,739.0,Ismael Saibari,21.0
Jonathan David,CAN,FW,JONATHAN DAVID,218.0,Jonathan David,16.0
Cristiano Ronaldo,POR,FW,CRISTIANO RONALDO,891.0,Cristiano Ronaldo,23.0
Ermin Mahmic,BIH,MF,ERMIN MAHMIC,156.0,Ermin Mahmic,26.0
Daichi Kamada,JPN,MF,DAICHI KAMADA,639.0,Daichi Kamada,20.0
Azzedine Ounahi,MAR,MF,AZZEDINE OUNAHI,736.0,Azzedine Ounahi,21.0
Youri Tielemans,BEL,MF,YOURI TIELEMANS,112.0,Youri Tielemans,2.0
Nadhir Benbouali,ALG,FW,NADHIR BENBOUALI,12.0,Nadhir Benbouali,25.0
Fiston Mayele,COD,FW,FISTON MAYELE,279.0,Fiston Mayele,27.0
Goncalo Ramos,POR,FW,GONCALO RAMOS,893.0,Goncalo Ramos,23.0
Hassan Alhaydos,QAT,FW,HASSAN ALHAYDOS,920.0,Hassan Alhaydos,44.0
Jovo Lukic,BIH,FW,JOVO LUKIC,155.0,Jovo Lukic,26.0
Sasa Kalajdzic,AUT,FW,SASA KALAJDZIC,92.0,Sasa Kalajdzic,14.0
Hazem Mastouri,TUN,FW,HAZEM MASTOURI,1127.0,Hazem Mastouri,46.0
Thelo Aasgaard,NOR,MF,THELO AASGAARD,825.0,Thelo Aasgaard,22.0
Alexis Saelemaekers,BEL,MF,ALEXIS SAELEMAEKERS,126.0,Alexis Saelemaekers,2.0
Petar Musa,CRO,FW,PETAR MUSA,338.0,Petar Musa,18.0
Aymen Hussein,IRQ,FW,AYMEN HUSSEIN,616.0,Aymen Hussein,40.0
Helio Varela,CPV,MF,HELIO VARELA,208.0,Helio Varela,15.0
Oh Hyeongyu,KOR,FW,OH HYEONGYU,694.0,,
Nico Schlotterbeck,GER,DF,NICO SCHLOTTERBECK,509.0,Nico Schlotterbeck,7.0
Brian Cipenga,COD,FW,BRIAN CIPENGA,269.0,Brian Cipenga,27.0
Ante Budimir,CRO,FW,ANTE BUDIMIR,323.0,Ante Budimir,18.0
Leo Ostigard,NOR,DF,LEO OSTIGARD,810.0,Leo Ostigard,22.0
Omar Rekik,TUN,DF,OMAR REKIK,1122.0,Omar Rekik,46.0
Wilson Isidor,HAI,FW,WILSON ISIDOR,564.0,Wilson Isidor,39.0
Ibrahim Mbaye,SEN,FW,IBRAHIM MBAYE,1008.0,Ibrahim Mbaye,34.0
Nikola Vlasic,CRO,MF,NIKOLA VLASIC,325.0,Nikola Vlasic,18.0
Derrick Luckassen,GHA,DF,DERRICK LUCKASSEN,543.0,Derrick Luckassen,29.0
Junya Ito,JPN,MF,JUNYA ITO,638.0,Junya Ito,20.0
Livano Comenencia,CUW,MF,LIVANO COMENENCIA,346.0,Livano Comenencia,37.0
Thapelo Maseko,RSA,FW,THAPELO MASEKO,1026.0,Thapelo Maseko,24.0
Abdulelah Alamri,KSA,DF,ABDULELAH ALAMRI,940.0,Abdulelah Alamri,45.0
Amine Gouiri,ALG,FW,AMINE GOUIRI,9.0,Amine Gouiri,25.0
Daizen Maeda,JPN,MF,DAIZEN MAEDA,635.0,Daizen Maeda,20.0
Mohammad Mohebbi,IRN,MF,MOHAMMAD MOHEBBI,580.0,Mohammad Mohebbi,30.0
Marcus Holmgren Pedersen,NOR,DF,MARCUS HOLMGREN PEDERSEN,822.0,Marcus Holmgren Pedersen,22.0
John Mcginn,SCO,MF,JOHN MCGINN,969.0,John Mcginn,33.0
Romano Schmid,AUT,MF,ROMANO SCHMID,96.0,Romano Schmid,14.0
Nizar Alrashdan,JOR,MF,NIZAR ALRASHDAN,671.0,Nizar Alrashdan,41.0
Ali Olwan,JOR,FW,ALI OLWAN,659.0,Ali Olwan,41.0
Deroy Duarte,CPV,MF,DEROY DUARTE,196.0,Deroy Duarte,15.0
Teboho Mokoena,RSA,MF,TEBOHO MOKOENA,1018.0,Teboho Mokoena,24.0
Jamal Musiala,GER,MF,JAMAL MUSIALA,504.0,Jamal Musiala,7.0
Caleb Yirenkyi,GHA,MF,CALEB YIRENKYI,523.0,Caleb Yirenkyi,29.0
Kerim Alajbegovic,BIH,FW,KERIM ALAJBEGOVIC,149.0,Kerim Alajbegovic,26.0
Sidny Lopes Cabral,CPV,DF,SIDNY LOPES CABRAL,195.0,Sidny Lopes Cabral,15.0
Martin Baturina,CRO,MF,MARTIN BATURINA,328.0,Martin Baturina,18.0
Antonio Nusa,NOR,FW,ANTONIO NUSA,826.0,Antonio Nusa,22.0
Leroy Sane,GER,MF,LEROY SANE,513.0,Leroy Sane,7.0
Rafik Belghali,ALG,DF,RAFIK BELGHALI,17.0,Rafik Belghali,25.0
Franck Kessie,CIV,MF,FRANCK KESSIE,294.0,Franck Kessie,17.0
Marcel Sabitzer,AUT,MF,MARCEL SABITZER,87.0,Marcel Sabitzer,14.0
Kevin De Bruyne,BEL,MF,KEVIN DE BRUYNE,111.0,Kevin De Bruyne,2.0
Jan Paul Van Hecke,NED,DF,JAN PAUL VAN HECKE,760.0,Jan Paul Van Hecke,9.0
Stephen Eustaquio,CAN,MF,STEPHEN EUSTAQUIO,215.0,Stephen Eustaquio,16.0
Nuno Mendes,POR,DF,NUNO MENDES,909.0,Nuno Mendes,23.0
Joao Neves,POR,MF,JOAO NEVES,899.0,Joao Neves,23.0
Ezri Konsa,ENG,DF,EZRI KONSA,444.0,Ezri Konsa,5.0
Aaron Tshibola,COD,MF,AARON TSHIBOLA,275.0,Aaron Tshibola,27.0
Achref Abada,ALG,DF,ACHREF ABADA,3.0,Achref Abada,25.0
David Affengruber,AUT,DF,DAVID AFFENGRUBER,80.0,David Affengruber,14.0
Aiman Yahya,KSA,FW,AIMAN YAHYA,944.0,Aiman Yahya,45.0
Mohamed Alaa,EGY,GK,MOHAMED ALAA,442.0,Mohamed Alaa,19.0
Nawaf Alaqidi,KSA,GK,NAWAF ALAQIDI,937.0,Nawaf Alaqidi,45.0
Abdallah Alfakhori,JOR,GK,ABDALLAH ALFAKHORI,672.0,Abdallah Alfakhori,41.0
Ziyad Aljohani,KSA,MF,ZIYAD ALJOHANI,952.0,Ziyad Aljohani,45.0
Ahmed Alkassar,KSA,GK,AHMED ALKASSAR,958.0,Ahmed Alkassar,45.0
Saleh Alshehri,KSA,FW,SALEH ALSHEHRI,947.0,Saleh Alshehri,45.0
Joseph Anang,GHA,GK,JOSEPH ANANG,532.0,Joseph Anang,29.0
Adam Arous,TUN,DF,ADAM AROUS,1123.0,Adam Arous,46.0
Khalil Ayari,TUN,MF,KHALIL AYARI,1132.0,Khalil Ayari,46.0
Christopher Bonsu Baah,GHA,FW,CHRISTOPHER BONSU BAAH,533.0,Christopher Bonsu Baah,29.0
Anas Badawi,JOR,DF,ANAS BADAWI,676.0,Anas Badawi,41.0
Bae Junho,KOR,MF,BAE JUNHO,693.0,,
Nour Baniateyah,JOR,GK,NOUR BANIATEYAH,662.0,Nour Baniateyah,41.0
Meshaal Barsham,QAT,GK,MESHAAL BARSHAM,932.0,Meshaal Barsham,44.0
Dylan Batubinsika,COD,DF,DYLAN BATUBINSIKA,265.0,Dylan Batubinsika,27.0
Oliver Baumann,GER,GK,OLIVER BAUMANN,506.0,Oliver Baumann,7.0
Youssef Belammari,MAR,DF,YOUSSEF BELAMMARI,747.0,Youssef Belammari,21.0
Goncalo Inacio,POR,DF,GONCALO INACIO,898.0,Goncalo Inacio,23.0
Augustine Boakye,GHA,MF,AUGUSTINE BOAKYE,540.0,Augustine Boakye,29.0
Tyrick Bodak,CUW,GK,TYRICK BODAK,363.0,Tyrick Bodak,37.0
Marcio Rosa,CPV,GK,MARCIO ROSA,194.0,Marcio Rosa,15.0
Duje Caleta Car,CRO,DF,DUJE CALETA CAR,317.0,Duje Caleta-Car,18.0
Roozbeh Cheshmi,IRN,MF,ROOZBEH CHESHMI,587.0,Roozbeh Cheshmi,30.0
Cho Wije,KOR,DF,CHO WIJE,690.0,,
Logan Costa,CPV,DF,LOGAN COSTA,187.0,Logan Costa,15.0
Rui Silva,POR,GK,RUI SILVA,906.0,Rui Silva,23.0
Dennis Dargahi,IRN,FW,DENNIS DARGAHI,596.0,Dennis Dargahi,30.0
Koni De Winter,BEL,DF,KONI DE WINTER,120.0,Koni De Winter,2.0
Zeno Debast,BEL,DF,ZENO DEBAST,106.0,Zeno Debast,2.0
Yehvann Diouf,SEN,GK,YEHVANN DIOUF,989.0,Yehvann Diouf,34.0
Trevor Doornbusch,CUW,GK,TREVOR DOORNBUSCH,364.0,Trevor Doornbusch,37.0
Stopira,CPV,DF,STOPIRA,184.0,Stopira,15.0
Matthieu Epolo,COD,GK,MATTHIEU EPOLO,281.0,Matthieu Epolo,27.0
Martin Erlic,CRO,DF,MARTIN ERLIC,337.0,Martin Erlic,18.0
Timothy Fayulu,COD,GK,TIMOTHY FAYULU,276.0,Timothy Fayulu,27.0
Kevin Felida,CUW,MF,KEVIN FELIDA,360.0,Kevin Felida,37.0
Mark Flekken,NED,GK,MARK FLEKKEN,777.0,Mark Flekken,9.0
Toni Fruk,CRO,MF,TONI FRUK,331.0,Toni Fruk,18.0
Goncalo Guedes,POR,FW,GONCALO GUEDES,903.0,Goncalo Guedes,23.0
Lutsharel Geertruida,NED,DF,LUTSHAREL GEERTRUIDA,756.0,Lutsharel Geertruida,9.0
Owen Goodman,CAN,GK,OWEN GOODMAN,226.0,Owen Goodman,16.0
Craig Gordon,SCO,GK,CRAIG GORDON,983.0,Craig Gordon,33.0
Ricardo Goss,RSA,GK,RICARDO GOSS,1036.0,Ricardo Goss,24.0
Parfait Guiagon,CIV,MF,PARFAIT GUIAGON,311.0,Parfait Guiagon,17.0
Rajaei Ayed,JOR,MF,RAJAEI AYED,664.0,Rajaei Ayed,41.0
Salah Zakaria,QAT,GK,SALAH ZAKARIA,931.0,Salah Zakaria,44.0
Lucas Hernandez,FRA,DF,LUCAS HERNANDEZ,489.0,Lucas Hernandez,6.0
Hossein Hosseini,IRN,GK,HOSSEIN HOSSEINI,594.0,Hossein Hosseini,30.0
Danial Iri,IRN,DF,DANIAL IRI,597.0,Danial Iri,30.0
Kristijan Jakic,CRO,DF,KRISTIJAN JAKIC,330.0,Kristijan Jakic,18.0
Tahsin Mohammed,QAT,FW,TAHSIN MOHAMMED,934.0,Tahsin Mohammed,44.0
Jo Hyeonwoo,KOR,GK,JO HYEONWOO,697.0,,
Mladen Jurkas,BIH,GK,MLADEN JURKAS,142.0,Mladen Jurkas,26.0
Gael Kakuta,COD,FW,GAEL KAKUTA,271.0,Gael Kakuta,27.0
Ngolo Kante,FRA,MF,NGOLO KANTE,481.0,Ngolo Kante,6.0
Kim Taehyeon,KOR,DF,KIM TAEHYEON,681.0,,
Mohamed Kone,CIV,GK,MOHAMED KONE,302.0,Mohamed Kone,17.0
Dominik Kotarski,CRO,GK,DOMINIK KOTARSKI,335.0,Dominik Kotarski,18.0
Markhus Lacroix,HAI,DF,MARKHUS LACROIX,559.0,Markhus Lacroix,39.0
Lee Donggyeong,KOR,MF,LEE DONGGYEONG,702.0,,
Dejan Ljubicic,AUT,MF,DEJAN LJUBICIC,97.0,Dejan Ljubicic,14.0
Hassan Kadish,KSA,DF,HASSAN KADISH,950.0,Hassan Kadish,45.0
Kobbie Mainoo,ENG,MF,KOBBIE MAINOO,458.0,Kobbie Mainoo,5.0
Ali Majrashi,KSA,DF,ALI MAJRASHI,938.0,Ali Majrashi,45.0
Jose Sa,POR,GK,JOSE SA,896.0,Jose Sa,23.0
Arjany Martha,CUW,MF,ARJANY MARTHA,353.0,Arjany Martha,37.0
Melvin Mastil,ALG,GK,MELVIN MASTIL,1.0,Melvin Mastil,25.0
Thabang Matuludi,RSA,DF,THABANG MATULUDI,1016.0,Thabang Matuludi,24.0
Garven Metusala,HAI,DF,GARVEN METUSALA,560.0,Garven Metusala,39.0
Nikola Moro,CRO,MF,NIKOLA MORO,319.0,Nikola Moro,18.0
Mohammed Muntari,QAT,FW,MOHAMMED MUNTARI,919.0,Mohammed Muntari,44.0
Cherif Ndiaye,SEN,FW,CHERIF NDIAYE,1000.0,Cherif Ndiaye,34.0
Evan Ndicka,CIV,DF,EVAN NDICKA,307.0,Evan Ndicka,17.0
Moutaz Neffati,TUN,DF,MOUTAZ NEFFATI,1141.0,Moutaz Neffati,46.0
Payam Niazmand,IRN,GK,PAYAM NIAZMAND,584.0,Payam Niazmand,30.0
Alexander Nuebel,GER,GK,ALEXANDER NUEBEL,515.0,Alexander Nuebel,7.0
Keisuke Osako,JPN,GK,KEISUKE OSAKO,636.0,Keisuke Osako,20.0
Assan Ouedraogo,GER,MF,ASSAN OUEDRAOGO,519.0,Assan Ouedraogo,7.0
Ivor Pandur,CRO,GK,IVOR PANDUR,324.0,Ivor Pandur,18.0
Patrick Pentz,AUT,GK,PATRICK PENTZ,91.0,Patrick Pentz,14.0
Woodensky Pierre,HAI,MF,WOODENSKY PIERRE,572.0,Woodensky Pierre,39.0
Fahad Talib,IRQ,GK,FAHAD TALIB,599.0,Fahad Talib,40.0
Amirmohammad Razaghinia,IRN,MF,AMIRMOHAMMAD RAZAGHINIA,598.0,Amirmohammad Razaghinia,30.0
Robin Roefs,NED,GK,ROBIN ROEFS,767.0,Robin Roefs,9.0
Ibrahim Sadeh,JOR,MF,IBRAHIM SADEH,665.0,Ibrahim Sadeh,41.0
Brice Samba,FRA,GK,BRICE SAMBA,469.0,Brice Samba,6.0
Mamadou Sarr,SEN,DF,MAMADOU SARR,990.0,Mamadou Sarr,34.0
Alessandro Schoepf,AUT,MF,ALESSANDRO SCHOEPF,104.0,Alessandro Schoepf,14.0
Song Bumkeun,KOR,GK,SONG BUMKEUN,688.0,,
Michael Svoboda,AUT,DF,MICHAEL SVOBODA,103.0,Michael Svoboda,14.0
Ahmed Reda Tagnaouti,MAR,GK,AHMED REDA TAGNAOUTI,750.0,Ahmed Reda Tagnaouti,21.0
Mohammad Abughoush,JOR,MF,MOHAMMAD ABUGHOUSH,668.0,Mohammad Abughoush,41.0
Sander Tangvik,NOR,GK,SANDER TANGVIK,818.0,Sander Tangvik,22.0
Jehad Thikri,KSA,DF,JEHAD THIKRI,961.0,Jehad Thikri,45.0
Yassine Titraoui,ALG,MF,YASSINE TITRAOUI,24.0,Yassine Titraoui,25.0
Mohamed Amine Tougai,ALG,DF,MOHAMED AMINE TOUGAI,4.0,Mohamed Amine Tougai,25.0
James Trafford,ENG,GK,JAMES TRAFFORD,465.0,James Trafford,5.0
Mats Wieffer,NED,DF,MATS WIEFFER,766.0,Mats Wieffer,9.0
Florian Wiegele,AUT,GK,FLORIAN WIEGELE,90.0,Florian Wiegele,14.0
Martin Zlomislic,BIH,GK,MARTIN ZLOMISLIC,152.0,Martin Zlomislic,26.0
Marcus Thuram,FRA,FW,MARCUS THURAM,477.0,Marcus Thuram,6.0
Fares Ghedjemis,ALG,FW,FARES GHEDJEMIS,25.0,Fares Ghedjemis,25.0
Matheus Nunes,POR,MF,MATHEUS NUNES,890.0,Matheus Nunes,23.0
Trevoh Chalobah,ENG,DF,TREVOH CHALOBAH,454.0,Trevoh Chalobah,5.0
Brandley Kuwas,CUW,FW,BRANDLEY KUWAS,355.0,Brandley Kuwas,37.0
Shurandy Sambo,CUW,DF,SHURANDY SAMBO,340.0,Shurandy Sambo,37.0
Khalid Alghannam,KSA,FW,KHALID ALGHANNAM,953.0,Khalid Alghannam,45.0
Maghnes Akliouche,FRA,MF,MAGHNES AKLIOUCHE,493.0,Maghnes Akliouche,6.0
Gedeon Kalulu,COD,DF,GEDEON KALULU,284.0,Gedeon Kalulu,27.0
Marten De Roon,NED,MF,MARTEN DE ROON,757.0,Marten De Roon,9.0
Keisuke Goto,JPN,FW,KEISUKE GOTO,633.0,Keisuke Goto,20.0
Mohammad Abuzraiq,JOR,FW,MOHAMMAD ABUZRAIQ,657.0,Mohammad Abuzraiq,41.0
Godfried Roemeratoe,CUW,MF,GODFRIED ROEMERATOE,344.0,Godfried Roemeratoe,37.0
Jordan Henderson,ENG,MF,JORDAN HENDERSON,456.0,Jordan Henderson,5.0
Jens Petter Hauge,NOR,MF,JENS PETTER HAUGE,829.0,Jens Petter Hauge,22.0
Kento Shiogai,JPN,FW,KENTO SHIOGAI,650.0,Kento Shiogai,20.0
Lucas Mendes,QAT,DF,LUCAS MENDES,913.0,Lucas Mendes,44.0
Mohammad Abuhasheesh,JOR,DF,MOHAMMAD ABUHASHEESH,652.0,Mohammad Abuhasheesh,41.0
Mohammad Aldaoud,JOR,MF,MOHAMMAD ALDAOUD,675.0,Mohammad Aldaoud,41.0
Noa Lang,NED,FW,NOA LANG,771.0,Noa Lang,9.0
Yuito Suzuki,JPN,MF,YUITO SUZUKI,641.0,Yuito Suzuki,20.0
Jean Michael Seri,CIV,MF,JEAN MICHAEL SERI,290.0,Jean Michael Seri,17.0
Amer Jamous,JOR,MF,AMER JAMOUS,656.0,Amer Jamous,41.0
Tyrese Noslin,CUW,FW,TYRESE NOSLIN,351.0,Tyrese Noslin,37.0
Mohanad Ali,IRQ,FW,MOHANAD ALI,608.0,Mohanad Ali,40.0
Roshon Van Eijma,CUW,DF,ROSHON VAN EIJMA,342.0,Roshon Van Eijma,37.0
Kenji Gorre,CUW,FW,KENJI GORRE,352.0,Kenji Gorre,37.0
Alphonso Davies,CAN,DF,ALPHONSO DAVIES,227.0,Alphonso Davies,16.0
Saed Alrosan,JOR,DF,SAED ALROSAN,669.0,Saed Alrosan,41.0
Zakaria El Ouahdi,MAR,DF,ZAKARIA EL OUAHDI,741.0,Zakaria El Ouahdi,21.0
Shuto Machino,JPN,FW,SHUTO MACHINO,630.0,Shuto Machino,20.0
Luka Sucic,CRO,MF,LUKA SUCIC,333.0,Luka Sucic,18.0
Anthony Ralston,SCO,DF,ANTHONY RALSTON,986.0,Anthony Ralston,33.0
Pascal Gross,GER,MF,PASCAL GROSS,507.0,Pascal Gross,7.0
Aimar Sher,IRQ,MF,AIMAR SHER,618.0,Aimar Sher,40.0
Mustafa Saadoon,IRQ,DF,MUSTAFA SAADOON,623.0,Mustafa Saadoon,40.0
Almoez Ali,QAT,FW,ALMOEZ ALI,929.0,Almoez Ali,44.0
Yang Hyunjun,KOR,MF,YANG HYUNJUN,696.0,,
Samir Chergui,ALG,DF,SAMIR CHERGUI,26.0,Samir Chergui,25.0
Samu Costa,POR,DF,SAMU COSTA,908.0,Samu Costa,23.0
Senne Lammens,BEL,GK,SENNE LAMMENS,116.0,Senne Lammens,2.0
Amirhossein Hosseinzadeh,IRN,FW,AMIRHOSSEIN HOSSEINZADEH,590.0,Amirhossein Hosseinzadeh,30.0
Evann Guessand,CIV,FW,EVANN GUESSAND,308.0,Evann Guessand,17.0
Adil Boulbina,ALG,FW,ADIL BOULBINA,20.0,Adil Boulbina,25.0
Sondre Langas,NOR,DF,SONDRE LANGAS,830.0,Sondre Langas,22.0
Kevin Yakob,IRQ,MF,KEVIN YAKOB,617.0,Kevin Yakob,40.0
Mehdi Torabi,IRN,MF,MEHDI TORABI,588.0,Mehdi Torabi,30.0
Marco Friedl,AUT,DF,MARCO FRIEDL,101.0,Marco Friedl,14.0
Mohamed Amoura,ALG,FW,MOHAMED AMOURA,18.0,Mohamed Amoura,25.0
Duckens Nazon,HAI,FW,DUCKENS NAZON,555.0,Duckens Nazon,39.0
Francisco Trincao,POR,FW,FRANCISCO TRINCAO,900.0,Francisco Trincao,23.0
Justin Kluivert,NED,MF,JUSTIN KLUIVERT,761.0,Justin Kluivert,9.0
Youssef Amyn,IRQ,MF,YOUSSEF AMYN,605.0,Youssef Amyn,40.0
Maximilian Beier,GER,FW,MAXIMILIAN BEIER,508.0,Maximilian Beier,7.0
Samed Bazdar,BIH,FW,SAMED BAZDAR,139.0,Samed Bazdar,26.0
Guus Til,NED,MF,GUUS TIL,770.0,Guus Til,9.0
Joaquin Seys,BEL,DF,JOAQUIN SEYS,122.0,Joaquin Seys,2.0
Jamie Leweling,GER,MF,JAMIE LEWELING,503.0,Jamie Leweling,7.0
Jean Philippe Mateta,FRA,FW,JEAN PHILIPPE MATETA,490.0,Jean-Philippe Mateta,6.0
Zineddine Belaid,ALG,DF,ZINEDDINE BELAID,5.0,Zineddine Belaid,25.0
Ali Yousif,IRQ,FW,ALI YOUSIF,611.0,Ali Yousif,40.0
Ahmed Maknazi,IRQ,DF,AHMED MAKNAZI,613.0,Ahmed Maknazi,40.0
Patrick Wimmer,AUT,FW,PATRICK WIMMER,99.0,Patrick Wimmer,14.0
Oumar Diakite,CIV,FW,OUMAR DIAKITE,300.0,Oumar Diakite,17.0
Ahmed Alganehi,QAT,MF,AHMED ALGANEHI,927.0,Ahmed Alganehi,44.0
Alhashmi Alhussein,QAT,DF,ALHASHMI ALHUSSEIN,935.0,Alhashmi Alhussein,44.0
Alexander Prass,AUT,MF,ALEXANDER PRASS,100.0,Alexander Prass,14.0
Cho Guesung,KOR,FW,CHO GUESUNG,685.0,,
Rebin Sulaka,IRQ,DF,REBIN SULAKA,600.0,Rebin Sulaka,40.0
Ali Alipour,IRN,FW,ALI ALIPOUR,583.0,Ali Alipour,30.0
Axel Witsel,BEL,MF,AXEL WITSEL,110.0,Axel Witsel,2.0
Jorrel Hato,NED,DF,JORREL HATO,779.0,Jorrel Hato,9.0
Saleem Obaid,JOR,DF,SALEEM OBAID,667.0,Saleem Obaid,41.0
Ala Alhajji,KSA,MF,ALA ALHAJJI,954.0,Ala Alhajji,45.0
Park Jinseob,KOR,DF,PARK JINSEOB,692.0,,
Nick Woltemade,GER,FW,NICK WOLTEMADE,505.0,Nick Woltemade,7.0
Gervane Kastaneer,CUW,FW,GERVANE KASTANEER,357.0,Gervane Kastaneer,37.0
Charles Pickel,COD,MF,CHARLES PICKEL,278.0,Charles Pickel,27.0
Theo Bongonda,COD,MF,THEO BONGONDA,270.0,Theo Bongonda,27.0
Simon Banza,COD,FW,SIMON BANZA,283.0,Simon Banza,27.0
Morten Thorsby,NOR,MF,MORTEN THORSBY,808.0,Morten Thorsby,22.0
Sontje Hansen,CUW,FW,SONTJE HANSEN,350.0,Sontje Hansen,37.0
Fredrik Andre Bjorkan,NOR,DF,FREDRIK ANDRE BJORKAN,821.0,Fredrik Andre Bjorkan,22.0
Malick Thiaw,GER,DF,MALICK THIAW,518.0,Malick Thiaw,7.0
Mehdi Ghayedi,IRN,FW,MEHDI GHAYEDI,582.0,Mehdi Ghayedi,30.0
Jearl Margaritha,CUW,FW,JEARL MARGARITHA,354.0,Jearl Margaritha,37.0
Castrop Jens,KOR,DF,CASTROP JENS,699.0,,
Abdulaziz Hatem,QAT,MF,ABDULAZIZ HATEM,916.0,Abdulaziz Hatem,44.0
Arya Yousefi,IRN,DF,ARYA YOUSEFI,589.0,Arya Yousefi,30.0
Angelo Stiller,GER,MF,ANGELO STILLER,510.0,Angelo Stiller,7.0
Eom Jisung,KOR,MF,EOM JISUNG,701.0,,
Ahmed Alaaeldin,QAT,FW,AHMED ALAAELDIN,917.0,Ahmed Alaaeldin,44.0
Matias Fernandez Pardo,BEL,FW,MATIAS FERNANDEZ PARDO,130.0,Matias Fernandez-Pardo,2.0
Junnosuke Suzuki,JPN,DF,JUNNOSUKE SUZUKI,649.0,Junnosuke Suzuki,20.0
Wout Weghorst,NED,FW,WOUT WEGHORST,763.0,Wout Weghorst,9.0
Alireza Jahanbakhsh,IRN,MF,ALIREZA JAHANBAKHSH,579.0,Alireza Jahanbakhsh,30.0
Dan Burn,ENG,DF,DAN BURN,457.0,Dan Burn,5.0
Mathieu Choiniere,CAN,MF,MATHIEU CHOINIERE,214.0,Mathieu Choiniere,16.0
Marko Farji,IRQ,FW,MARKO FARJI,619.0,Marko Farji,40.0
Kim Jingyu,KOR,MF,KIM JINGYU,700.0,,
Ollie Watkins,ENG,FW,OLLIE WATKINS,461.0,Ollie Watkins,5.0
Firas Chaouat,TUN,FW,FIRAS CHAOUAT,1137.0,Firas Chaouat,46.0
Waldemar Anton,GER,DF,WALDEMAR ANTON,497.0,Waldemar Anton,7.0
Quinten Timber,NED,MF,QUINTEN TIMBER,780.0,Quinten Timber,9.0
Ibrahima Konate,FRA,DF,IBRAHIMA KONATE,483.0,Ibrahima Konate,6.0
Joris Kayembe,COD,DF,JORIS KAYEMBE,272.0,Joris Kayembe,27.0
Telmo Arcanjo,CPV,MF,TELMO ARCANJO,200.0,Telmo Arcanjo,15.0
Sultan Mandash,KSA,FW,SULTAN MANDASH,956.0,Sultan Mandash,45.0
Henrik Falchener,NOR,DF,HENRIK FALCHENER,831.0,Henrik Falchener,22.0
Luka Vuskovic,CRO,DF,LUKA VUSKOVIC,334.0,Luka Vuskovic,18.0
Kim Moonhwan,KOR,DF,KIM MOONHWAN,691.0,,
Mohammad Abualnadi,JOR,DF,MOHAMMAD ABUALNADI,666.0,Mohammad Abualnadi,41.0
Kristian Thorstvedt,NOR,MF,KRISTIAN THORSTVEDT,824.0,Kristian Thorstvedt,22.0
Ruben Neves,POR,MF,RUBEN NEVES,905.0,Ruben Neves,23.0
Diego Moreira,BEL,MF,DIEGO MOREIRA,123.0,Diego Moreira,2.0
Ali Azaizeh,JOR,FW,ALI AZAIZEH,674.0,Ali Azaizeh,41.0
Diogo Dalot,POR,DF,DIOGO DALOT,889.0,Diogo Dalot,23.0
Andrej Kramaric,CRO,FW,ANDREJ KRAMARIC,321.0,Andrej Kramaric,18.0
Hamza Abdelkarim,EGY,FW,HAMZA ABDELKARIM,425.0,Hamza Abdelkarim,19.0
Zizo,EGY,FW,ZIZO,441.0,Zizo,19.0
Jeremy Antonisse,CUW,FW,JEREMY ANTONISSE,349.0,Jeremy Antonisse,37.0
Abdullah Alhamddan,KSA,FW,ABDULLAH ALHAMDDAN,955.0,Abdullah Alhamddan,45.0
Munaf Younus,IRQ,DF,MUNAF YOUNUS,604.0,Munaf Younus,40.0
Ivan Toney,ENG,FW,IVAN TONEY,464.0,Ivan Toney,5.0
Garry Rodrigues,CPV,MF,GARRY RODRIGUES,193.0,Garry Rodrigues,15.0
Mohamed Manai,QAT,FW,MOHAMED MANAI,936.0,Mohamed Manai,44.0
Alidu Seidu,GHA,DF,ALIDU SEIDU,522.0,Alidu Seidu,29.0
Gilson Benchimol,CPV,FW,GILSON BENCHIMOL,191.0,Gilson Benchimol,15.0
Bazoumana Toure,CIV,FW,BAZOUMANA TOURE,310.0,Bazoumana Toure,17.0
Pape Matar Sarr,SEN,MF,PAPE MATAR SARR,1005.0,Pape Matar Sarr,34.0
Armin Gigovic,BIH,MF,ARMIN GIGOVIC,138.0,Armin Gigovic,26.0
Ayumu Seko,JPN,DF,AYUMU SEKO,644.0,Ayumu Seko,20.0
Tsuyoshi Watanabe,JPN,DF,TSUYOSHI WATANABE,640.0,Tsuyoshi Watanabe,20.0
Egil Selvik,NOR,GK,EGIL SELVIK,819.0,Egil Selvik,22.0
Ousmane Diomande,CIV,DF,OUSMANE DIOMANDE,288.0,Ousmane Diomande,17.0
Riechedly Bazoer,CUW,DF,RIECHEDLY BAZOER,361.0,Riechedly Bazoer,37.0
Tomas Araujo,POR,DF,TOMAS ARAUJO,888.0,Tomas Araujo,23.0
Oussama Benbot,ALG,GK,OUSSAMA BENBOT,16.0,Oussama Benbot,25.0
Florian Grillitsch,AUT,MF,FLORIAN GRILLITSCH,88.0,Florian Grillitsch,14.0
Dean Henderson,ENG,GK,DEAN HENDERSON,455.0,Dean Henderson,5.0
Ehsan Hajisafi,IRN,DF,EHSAN HAJISAFI,575.0,Ehsan Hajisafi,30.0
Mohammad Ghorbani,IRN,MF,MOHAMMAD GHORBANI,593.0,Mohammad Ghorbani,30.0
Nawaf Bu Washl,KSA,DF,NAWAF BU WASHL,949.0,Nawaf Bu Washl,45.0
Frans Putros,IRQ,DF,FRANS PUTROS,624.0,Frans Putros,40.0
Yusuf Abdurisag,QAT,FW,YUSUF ABDURISAG,925.0,Yusuf Abdurisag,44.0
Saleh Hardani,IRN,DF,SALEH HARDANI,574.0,Saleh Hardani,30.0
Carney Chukwuemeka,AUT,MF,CARNEY CHUKWUEMEKA,95.0,Carney Chukwuemeka,14.0
Shahriyar Moghanloo,IRN,FW,SHAHRIYAR MOGHANLOO,592.0,Shahriyar Moghanloo,30.0
Karim Boudiaf,QAT,MF,KARIM BOUDIAF,922.0,Karim Boudiaf,44.0
Anis Hadj Moussa,ALG,FW,ANIS HADJ MOUSSA,11.0,Anis Hadj Moussa,25.0
Marco Pasalic,CRO,FW,MARCO PASALIC,336.0,Marco Pasalic,18.0
Kieran Tierney,SCO,DF,KIERAN TIERNEY,968.0,Kieran Tierney,33.0
Jorgen Strand Larsen,NOR,FW,JORGEN STRAND LARSEN,817.0,Jorgen Strand Larsen,22.0
Lee Taeseok,KOR,DF,LEE TAESEOK,689.0,,
Joao Paulo,CPV,MF,JOAO PAULO,190.0,Joao Paulo,15.0
Samir El Mourabet,MAR,MF,SAMIR EL MOURABET,743.0,Samir El Mourabet,21.0
Leon Goretzka,GER,MF,LEON GORETZKA,502.0,Leon Goretzka,7.0
Hwang Heechan,KOR,MF,HWANG HEECHAN,687.0,,
David Raum,GER,DF,DAVID RAUM,516.0,David Raum,7.0
Jaouen Hadjam,ALG,DF,JAOUEN HADJAM,13.0,Jaouen Hadjam,25.0
Lee Jaesung,KOR,MF,LEE JAESUNG,686.0,,
Igor Matanovic,CRO,FW,IGOR MATANOVIC,332.0,Igor Matanovic,18.0
Ramiz Zerrouki,ALG,MF,RAMIZ ZERROUKI,6.0,Ramiz Zerrouki,25.0
Zaid Ismael,IRQ,MF,ZAID ISMAEL,622.0,Zaid Ismael,40.0
Amadou Onana,BEL,MF,AMADOU ONANA,128.0,Amadou Onana,2.0
Warren Zaire Emery,FRA,MF,WARREN ZAIRE EMERY,486.0,Warren Zaire-Emery,6.0
Bernardo Silva,POR,MF,BERNARDO SILVA,894.0,Bernardo Silva,23.0
Homam Ahmed,QAT,DF,HOMAM AHMED,924.0,Homam Ahmed,44.0
Ahmed Qasem,IRQ,FW,AHMED QASEM,609.0,Ahmed Qasem,40.0
Kamaldeen Sulemana,GHA,FW,KAMALDEEN SULEMANA,542.0,Kamaldeen Sulemana,29.0
Assim Madibo,QAT,MF,ASSIM MADIBO,933.0,Assim Madibo,44.0
Hicham Boudaoui,ALG,MF,HICHAM BOUDAOUI,14.0,Hicham Boudaoui,25.0
Malo Gusto,FRA,DF,MALO GUSTO,470.0,Malo Gusto,6.0
Ali Jasim,IRQ,FW,ALI JASIM,615.0,Ali Jasim,40.0
Teun Koopmeiners,NED,MF,TEUN KOOPMEINERS,774.0,Teun Koopmeiners,9.0
Niko Sigur,CAN,DF,NIKO SIGUR,231.0,Niko Sigur,16.0
Ahmed Basil,IRQ,GK,AHMED BASIL,620.0,Ahmed Basil,40.0
Mahmoud Almardi,JOR,FW,MAHMOUD ALMARDI,663.0,Mahmoud Almardi,41.0
Mohammed Abu Alshamat,KSA,DF,MOHAMMED ABU ALSHAMAT,962.0,Mohammed Abu Alshamat,45.0
Hossein Kanani,IRN,DF,HOSSEIN KANANI,585.0,Hossein Kanani,30.0
Jalal Hassan,IRQ,GK,JALAL HASSAN,610.0,Jalal Hassan,40.0
Willy Semedo,CPV,MF,WILLY SEMEDO,199.0,Willy Semedo,15.0
Mario Pasalic,CRO,MF,MARIO PASALIC,327.0,Mario Pasalic,18.0
Phillip Mwene,AUT,DF,PHILLIP MWENE,94.0,Phillip Mwene,14.0
Ismael Kone,CAN,MF,ISMAEL KONE,216.0,Ismael Kone,16.0
Ahmed Fathy,QAT,MF,AHMED FATHY,930.0,Ahmed Fathy,44.0
Nathanael Mbuku,COD,MF,NATHANAEL MBUKU,267.0,Nathanael Mbuku,27.0
Francisco Conceicao,POR,FW,FRANCISCO CONCEICAO,910.0,Francisco Conceicao,23.0
Odeh Fakhoury,JOR,FW,ODEH FAKHOURY,661.0,Odeh Fakhoury,41.0
Nelson Semedo,POR,DF,NELSON SEMEDO,886.0,Nelson Semedo,23.0
Zaid Tahseen,IRQ,DF,ZAID TAHSEEN,602.0,Zaid Tahseen,40.0
Elisha Owusu,GHA,MF,ELISHA OWUSU,535.0,Elisha Owusu,29.0
Jassem Gaber,QAT,DF,JASSEM GABER,915.0,Jassem Gaber,44.0
Sultan Albrake,QAT,DF,SULTAN ALBRAKE,928.0,Sultan Albrake,44.0
Musab Aljuwayr,KSA,MF,MUSAB ALJUWAYR,943.0,Musab Aljuwayr,45.0
Frantzdy Pierrot,HAI,FW,FRANTZDY PIERROT,566.0,Frantzdy Pierrot,39.0
Rayan Cherki,FRA,MF,RAYAN CHERKI,492.0,Rayan Cherki,6.0
Ayoub Aloui,QAT,DF,AYOUB ALOUI,923.0,Ayoub Aloui,44.0
Hussein Ali,IRQ,DF,HUSSEIN ALI,601.0,Hussein Ali,40.0
Sofyan Amrabat,MAR,MF,SOFYAN AMRABAT,732.0,Sofyan Amrabat,21.0
Edo Kayembe,COD,MF,EDO KAYEMBE,285.0,Edo Kayembe,27.0
Josko Gvardiol,CRO,DF,JOSKO GVARDIOL,316.0,Josko Gvardiol,18.0
Ali Lajami,KSA,DF,ALI LAJAMI,939.0,Ali Lajami,45.0
Jurien Gaari,CUW,DF,JURIEN GAARI,341.0,Jurien Gaari,37.0
Nuno Da Costa,CPV,MF,NUNO DA COSTA,203.0,Nuno Da Costa,15.0
Yukinari Sugawara,JPN,DF,YUKINARI SUGAWARA,626.0,Yukinari Sugawara,20.0
Iqraam Rayners,RSA,FW,IQRAAM RAYNERS,1029.0,Iqraam Rayners,24.0
Son Heungmin,KOR,FW,SON HEUNGMIN,683.0,,
Relebohile Mofokeng,RSA,FW,RELEBOHILE MOFOKENG,1024.0,Relebohile Mofokeng,24.0
Nathan Ake,NED,DF,NATHAN AKE,759.0,Nathan Ake,9.0
Husam Abudahab,JOR,DF,HUSAM ABUDAHAB,654.0,Husam Abudahab,41.0
Joshua Brenet,CUW,DF,JOSHUA BRENET,358.0,Joshua Brenet,37.0
Dodi Lukebakio,BEL,FW,DODI LUKEBAKIO,118.0,Dodi Lukebakio,2.0
Donyell Malen,NED,FW,DONYELL MALEN,772.0,Donyell Malen,9.0
Dailon Livramento,CPV,FW,DAILON LIVRAMENTO,201.0,Dailon Livramento,15.0
Ali Alhamadi,IRQ,FW,ALI ALHAMADI,607.0,Ali Alhamadi,40.0
Steve Kapuadi,COD,DF,STEVE KAPUADI,263.0,Steve Kapuadi,27.0
Abdullah Alkhaibari,KSA,MF,ABDULLAH ALKHAIBARI,951.0,Abdullah Alkhaibari,45.0
Grant Hanley,SCO,DF,GRANT HANLEY,967.0,Grant Hanley,33.0
Philipp Lienhart,AUT,DF,PHILIPP LIENHART,93.0,Philipp Lienhart,14.0
Takehiro Tomiyasu,JPN,DF,TAKEHIRO TOMIYASU,646.0,Takehiro Tomiyasu,20.0
Jarell Quansah,ENG,DF,JARELL QUANSAH,468.0,Jarell Quansah,5.0
Zidane Iqbal,IRQ,MF,ZIDANE IQBAL,612.0,Zidane Iqbal,40.0
Cedric Bakambu,COD,FW,CEDRIC BAKAMBU,277.0,Cedric Bakambu,27.0
Stjepan Radeljic,BIH,DF,STJEPAN RADELJIC,151.0,Stjepan Radeljic,26.0
Moteb Alharbi,KSA,DF,MOTEB ALHARBI,960.0,Moteb Alharbi,45.0
Paik Seungho,KOR,MF,PAIK SEUNGHO,684.0,,
Joao Felix,POR,FW,JOAO FELIX,895.0,Joao Felix,23.0
Ngalayel Mukau,COD,MF,NGALAYEL MUKAU,266.0,Ngalayel Mukau,27.0
Moise Bombito,CAN,DF,MOISE BOMBITO,223.0,Moise Bombito,16.0
Mohamed Amine Ben Hmida,TUN,DF,MOHAMED AMINE BEN HMIDA,1139.0,Mohamed Amine Ben Hmida,46.0
Ao Tanaka,JPN,MF,AO TANAKA,631.0,Ao Tanaka,20.0
Saman Ghoddos,IRN,MF,SAMAN GHODDOS,586.0,Saman Ghoddos,30.0
Nasser Aldawsari,KSA,MF,NASSER ALDAWSARI,942.0,Nasser Aldawsari,45.0
Milad Mohammadi,IRN,DF,MILAD MOHAMMADI,577.0,Milad Mohammadi,30.0
Hassan Altambakti,KSA,DF,HASSAN ALTAMBAKTI,941.0,Hassan Altambakti,45.0
Anass Salah Eddine,MAR,DF,ANASS SALAH EDDINE,754.0,Anass Salah Eddine,21.0
Julian Ryerson,NOR,FW,JULIAN RYERSON,832.0,Julian Ryerson,22.0
Juergen Locadia,CUW,FW,JUERGEN LOCADIA,347.0,Juergen Locadia,37.0
Sphephelo Sithole,RSA,MF,SPHEPHELO SITHOLE,1027.0,Sphephelo Sithole,24.0
Amar Memic,BIH,MF,AMAR MEMIC,145.0,Amar Memic,26.0
Andy Robertson,SCO,DF,ANDY ROBERTSON,965.0,Andy Robertson,33.0
Mohamed Kanno,KSA,MF,MOHAMED KANNO,959.0,Mohamed Kanno,45.0
Ali Ahmed,CAN,FW,ALI AHMED,228.0,Ali Ahmed,16.0
Ibrahim Bayesh,IRQ,MF,IBRAHIM BAYESH,606.0,Ibrahim Bayesh,40.0
Deveron Fonville,CUW,DF,DEVERON FONVILLE,362.0,Deveron Fonville,37.0
Feras Albrikan,KSA,FW,FERAS ALBRIKAN,945.0,Feras Albrikan,45.0
Benjamin Tahirovic,BIH,MF,BENJAMIN TAHIROVIC,136.0,Benjamin Tahirovic,26.0
Tahith Chong,CUW,MF,TAHITH CHONG,359.0,Tahith Chong,37.0
Shogo Taniguchi,JPN,DF,SHOGO TANIGUCHI,627.0,Shogo Taniguchi,20.0
Ellyes Skhiri,TUN,MF,ELLYES SKHIRI,1135.0,Ellyes Skhiri,46.0
Arthur Theate,BEL,DF,ARTHUR THEATE,107.0,Arthur Theate,2.0
Kim Minjae,KOR,DF,KIM MINJAE,680.0,,
Akram Afif,QAT,FW,AKRAM AFIF,921.0,Akram Afif,44.0
Paul Wanner,AUT,MF,PAUL WANNER,102.0,Paul Wanner,14.0
Seol Youngwoo,KOR,DF,SEOL YOUNGWOO,698.0,,
Salem Aldawsari,KSA,FW,SALEM ALDAWSARI,946.0,Salem Aldawsari,45.0
Maxence Lacroix,FRA,DF,MAXENCE LACROIX,494.0,Maxence Lacroix,6.0
Oscar Bobb,NOR,MF,OSCAR BOBB,828.0,Oscar Bobb,22.0
Juninho Bacuna,CUW,MF,JUNINHO BACUNA,345.0,Juninho Bacuna,37.0
Kevin Danso,AUT,DF,KEVIN DANSO,81.0,Kevin Danso,14.0
Abdallah Nasib,JOR,DF,ABDALLAH NASIB,653.0,Abdallah Nasib,41.0
Mory Diaw,SEN,GK,MORY DIAW,1011.0,Mory Diaw,34.0
Tani Oluwaseyi,CAN,FW,TANI OLUWASEYI,220.0,Tani Oluwaseyi,16.0
Micky Van De Ven,NED,DF,MICKY VAN DE VEN,769.0,Micky Van De Ven,9.0
Tarik Muharemovic,BIH,DF,TARIK MUHAREMOVIC,134.0,Tarik Muharemovic,26.0
Mehdi Taremi,IRN,FW,MEHDI TAREMI,581.0,Mehdi Taremi,30.0
Thalente Mbatha,RSA,MF,THALENTE MBATHA,1019.0,Thalente Mbatha,24.0
Mohannad Abutaha,JOR,MF,MOHANNAD ABUTAHA,670.0,Mohannad Abutaha,41.0
Theo Hernandez,FRA,DF,THEO HERNANDEZ,487.0,Theo Hernandez,6.0
Noah Sadiki,COD,MF,NOAH SADIKI,274.0,Noah Sadiki,27.0
Saeid Ezatolahi,IRN,MF,SAEID EZATOLAHI,578.0,Saeid Ezatolahi,30.0
Kim Seunggyu,KOR,GK,KIM SEUNGGYU,677.0,,
Lee Hanbeom,KOR,DF,LEE HANBEOM,678.0,,
Lee Gihyuk,KOR,MF,LEE GIHYUK,679.0,,
Aleksandar Pavlovic,GER,MF,ALEKSANDAR PAVLOVIC,499.0,Aleksandar Pavlovic,7.0
Leandro Bacuna,CUW,MF,LEANDRO BACUNA,348.0,Leandro Bacuna,37.0
Sherel Floranus,CUW,DF,SHEREL FLORANUS,343.0,Sherel Floranus,37.0
Armando Obispo,CUW,DF,ARMANDO OBISPO,356.0,Armando Obispo,37.0
Eloy Room,CUW,GK,ELOY ROOM,339.0,Eloy Room,37.0
Saud Abdulhamid,KSA,DF,SAUD ABDULHAMID,948.0,Saud Abdulhamid,45.0
Antonio Ruediger,GER,DF,ANTONIO RUEDIGER,496.0,Antonio Ruediger,7.0
Luca Zidane,ALG,GK,LUCA ZIDANE,23.0,Luca Zidane,25.0
Akam Hashim,IRQ,DF,AKAM HASHIM,603.0,Akam Hashim,40.0
Merchas Doski,IRQ,DF,MERCHAS DOSKI,621.0,Merchas Doski,40.0
Mohammed Alowais,KSA,GK,MOHAMMED ALOWAIS,957.0,Mohammed Alowais,45.0
Angus Gunn,SCO,GK,ANGUS GUNN,963.0,Angus Gunn,33.0
Hannes Delcroix,HAI,DF,HANNES DELCROIX,551.0,Hannes Delcroix,39.0
Johny Placide,HAI,GK,JOHNY PLACIDE,547.0,Johny Placide,39.0
Thomas Partey,GHA,MF,THOMAS PARTEY,525.0,Thomas Partey,29.0
Emmanuel Agbadou,CIV,DF,EMMANUEL AGBADOU,306.0,Emmanuel Agbadou,17.0
Yazeed Abulaila,JOR,GK,YAZEED ABULAILA,651.0,Yazeed Abulaila,41.0
Yazan Alarab,JOR,DF,YAZAN ALARAB,655.0,Yazan Alarab,41.0
Shoja Khalilzadeh,IRN,DF,SHOJA KHALILZADEH,576.0,Shoja Khalilzadeh,30.0
Ali Nemati,IRN,DF,ALI NEMATI,591.0,Ali Nemati,30.0
Alireza Beiranvand,IRN,GK,ALIREZA BEIRANVAND,573.0,Alireza Beiranvand,30.0
Mahmoud Abunada,QAT,GK,MAHMOUD ABUNADA,911.0,Mahmoud Abunada,44.0
Pedro Miguel,QAT,DF,PEDRO MIGUEL,912.0,Pedro Miguel,44.0
Boualem Khoukhi,QAT,DF,BOUALEM KHOUKHI,926.0,Boualem Khoukhi,44.0
Issa Laye,QAT,DF,ISSA LAYE,914.0,Issa Laye,44.0
Marin Pongracic,CRO,DF,MARIN PONGRACIC,315.0,Marin Pongracic,18.0
Marvin Senaya,GHA,DF,MARVIN SENAYA,546.0,Marvin Senaya,29.0
Nabil Bentaleb,ALG,MF,NABIL BENTALEB,19.0,Nabil Bentaleb,25.0
Jamiro Monteiro,CPV,MF,JAMIRO MONTEIRO,192.0,Jamiro Monteiro,15.0
Noni Madueke,ENG,FW,NONI MADUEKE,462.0,Noni Madueke,5.0
Rayan Ait Nouri,ALG,DF,RAYAN AIT NOURI,15.0,Rayan Ait-Nouri,25.0
Jordan Ayew,GHA,FW,JORDAN AYEW,529.0,Jordan Ayew,29.0
Jeremy Doku,BEL,FW,JEREMY DOKU,115.0,Jeremy Doku,2.0
Steven Moreira,CPV,DF,STEVEN MOREIRA,204.0,Steven Moreira,15.0
Derek Cornelius,CAN,DF,DEREK CORNELIUS,221.0,Derek Cornelius,16.0
Nikola Katic,BIH,DF,NIKOLA KATIC,148.0,Nikola Katic,26.0
Fredrik Aursnes,NOR,MF,FREDRIK AURSNES,820.0,Fredrik Aursnes,22.0
Samuel Moutoussamy,COD,MF,SAMUEL MOUTOUSSAMY,268.0,Samuel Moutoussamy,27.0
Frenkie De Jong,NED,MF,FRENKIE DE JONG,775.0,Frenkie De Jong,9.0
Nicolas Seiwald,AUT,MF,NICOLAS SEIWALD,84.0,Nicolas Seiwald,14.0
Alexander Sorloth,NOR,FW,ALEXANDER SORLOTH,813.0,Alexander Sorloth,22.0
Reece James,ENG,DF,REECE JAMES,466.0,Reece James,5.0
Stefan Posch,AUT,DF,STEFAN POSCH,83.0,Stefan Posch,14.0
Nathan Ngoy,BEL,DF,NATHAN NGOY,129.0,Nathan Ngoy,2.0
John Stones,ENG,DF,JOHN STONES,447.0,John Stones,5.0
Ibrahim Maza,ALG,MF,IBRAHIM MAZA,22.0,Ibrahim Maza,25.0
Aaron Wan Bissaka,COD,DF,AARON WAN BISSAKA,262.0,Aaron Wan-Bissaka,27.0
Mbekezeli Mbokazi,RSA,DF,MBEKEZELI MBOKAZI,1028.0,Mbekezeli Mbokazi,24.0
Khuliso Mudau,RSA,DF,KHULISO MUDAU,1034.0,Khuliso Mudau,24.0
Ramy Bensebaini,ALG,DF,RAMY BENSEBAINI,21.0,Ramy Bensebaini,25.0
Fares Chaibi,ALG,MF,FARES CHAIBI,10.0,Fares Chaibi,25.0
Aissa Mandi,ALG,DF,AISSA MANDI,2.0,Aissa Mandi,25.0
Vitinha,POR,MF,VITINHA,907.0,Vitinha,23.0
Hiroki Ito,JPN,DF,HIROKI ITO,645.0,Hiroki Ito,20.0
Zion Suzuki,JPN,GK,ZION SUZUKI,625.0,Zion Suzuki,20.0
Lionel Mpasi,COD,GK,LIONEL MPASI,261.0,Lionel Mpasi,27.0
Axel Tuanzebe,COD,DF,AXEL TUANZEBE,264.0,Axel Tuanzebe,27.0
Idrissa Gana Gueye,SEN,MF,IDRISSA GANA GUEYE,993.0,Idrissa Gana Gueye,34.0
Alexander Schlager,AUT,GK,ALEXANDER SCHLAGER,79.0,Alexander Schlager,14.0
Dominik Livakovic,CRO,GK,DOMINIK LIVAKOVIC,313.0,Dominik Livakovic,18.0
Josip Sutalo,CRO,DF,JOSIP SUTALO,318.0,Josip Sutalo,18.0
Gideon Mensah,GHA,DF,GIDEON MENSAH,534.0,Gideon Mensah,29.0
Antoine Semenyo,GHA,MF,ANTOINE SEMENYO,531.0,Antoine Semenyo,29.0
Ruben Dias,POR,DF,RUBEN DIAS,887.0,Ruben Dias,23.0
Jonathan Tah,GER,DF,JONATHAN TAH,498.0,Jonathan Tah,7.0
Luc De Fougerolles,CAN,DF,LUC DE FOUGEROLLES,212.0,Luc De Fougerolles,16.0
Manu Kone,FRA,MF,MANU KONE,474.0,Manu Kone,6.0
Ramy Rabia,EGY,DF,RAMY RABIA,421.0,Ramy Rabia,19.0
Bart Verbruggen,NED,GK,BART VERBRUGGEN,755.0,Bart Verbruggen,9.0
Manuel Neuer,GER,GK,MANUEL NEUER,495.0,Manuel Neuer,7.0
Vozinha,CPV,GK,VOZINHA,183.0,Vozinha,15.0
Pico Lopes,CPV,DF,PICO LOPES,186.0,Pico Lopes,15.0
Diney Borges,CPV,DF,DINEY BORGES,185.0,Diney Borges,15.0
Djed Spence,ENG,DF,DJED SPENCE,467.0,Djed Spence,5.0
Maxim De Cuyper,BEL,DF,MAXIM DE CUYPER,109.0,Maxim De Cuyper,2.0
Bilal El Khannouss,MAR,MF,BILAL EL KHANNOUSS,751.0,Bilal El Khannouss,21.0
Torbjorn Heggem,NOR,DF,TORBJORN HEGGEM,823.0,Torbjorn Heggem,22.0
Maxime Crepeau,CAN,GK,MAXIME CREPEAU,224.0,Maxime Crepeau,16.0
Lucas Digne,FRA,DF,LUCAS DIGNE,471.0,Lucas Digne,6.0
Renato Veiga,POR,DF,RENATO VEIGA,897.0,Renato Veiga,23.0
Diogo Costa,POR,GK,DIOGO COSTA,885.0,Diogo Costa,23.0
Nico Oreilly,ENG,DF,NICO OREILLY,445.0,Nico Oreilly,5.0
William Saliba,FRA,DF,WILLIAM SALIBA,485.0,William Saliba,6.0
Noussair Mazraoui,MAR,DF,NOUSSAIR MAZRAOUI,731.0,Noussair Mazraoui,21.0
Kristoffer Ajer,NOR,DF,KRISTOFFER AJER,809.0,Kristoffer Ajer,22.0
Sander Berge,NOR,MF,SANDER BERGE,814.0,Sander Berge,22.0
Orjan Nyland,NOR,GK,ORJAN NYLAND,807.0,Orjan Nyland,22.0
Thibaut Courtois,BEL,GK,THIBAUT COURTOIS,105.0,Thibaut Courtois,2.0
Neil El Aynaoui,MAR,MF,NEIL EL AYNAOUI,752.0,Neil El Aynaoui,21.0
Brandon Mechele,BEL,DF,BRANDON MECHELE,108.0,Brandon Mechele,2.0
Jules Kounde,FRA,DF,JULES KOUNDE,473.0,Jules Kounde,6.0
Jordan Pickford,ENG,GK,JORDAN PICKFORD,443.0,Jordan Pickford,5.0
Marc Guehi,ENG,DF,MARC GUEHI,448.0,Marc Guehi,5.0
Mike Maignan,FRA,GK,MIKE MAIGNAN,484.0,Mike Maignan,6.0
Tomoki Hayakawa,JPN,GK,TOMOKI HAYAKAWA,647.0,Tomoki Hayakawa,20.0
Cj Dos Santos,CPV,GK,CJ DOS SANTOS,205.0,Cj Dos Santos,15.0
Mohamed Elshenawy,EGY,GK,MOHAMED ELSHENAWY,417.0,Mohamed Elshenawy,19.0
Alban Lafont,CIV,GK,ALBAN LAFONT,309.0,Alban Lafont,17.0
Mike Penders,BEL,GK,MIKE PENDERS,117.0,Mike Penders,2.0
Robin Risser,FRA,GK,ROBIN RISSER,491.0,Robin Risser,6.0
