MatchID,MatchDate,Stage,GroupName,StadiumID,TeamID,OpponentTeamID,TeamGoals,OpponentGoals,TeamResult,Shots,ShotsOnTarget,Possession,Corners,Fouls,YellowCards,RedCards,Offsides,GoalDifference,Points,CleanSheet
1,2026-06-11,First Stage,Group A,3,8,24,2,0,Win,16,4,61,3,12,1,1,1,2,3,True
2,2026-06-11,First Stage,Group A,4,31,38,2,1,Win,15,6,62,4,9,1,0,2,1,3,False
3,2026-06-12,First Stage,Group B,1,16,26,1,1,Draw,13,4,61,9,10,2,0,1,0,1,False
4,2026-06-12,First Stage,Group D,11,12,32,4,1,Win,16,6,65,3,13,1,0,2,3,3,False
5,2026-06-13,First Stage,Group C,7,39,33,0,1,Loss,15,2,54,4,23,1,0,3,-1,0,False
6,2026-06-13,First Stage,Group D,2,13,47,2,0,Win,9,4,28,5,12,0,0,1,2,3,True
7,2026-06-13,First Stage,Group C,13,3,21,1,1,Draw,12,5,51,6,16,2,0,0,0,1,False
8,2026-06-13,First Stage,Group B,15,44,11,1,1,Draw,6,3,32,3,12,2,0,0,0,1,False
9,2026-06-14,First Stage,Group E,14,17,28,1,0,Win,15,4,48,3,10,3,0,0,1,3,True
10,2026-06-14,First Stage,Group E,9,7,37,7,1,Win,26,12,65,8,18,0,0,0,6,3,False
11,2026-06-14,First Stage,Group F,8,9,20,2,2,Draw,10,6,60,5,7,3,0,1,0,1,False
12,2026-06-14,First Stage,Group F,5,35,46,5,1,Win,13,7,49,4,10,0,0,3,4,3,False
13,2026-06-15,First Stage,Group H,12,45,36,1,1,Draw,7,3,33,4,11,1,0,0,0,1,False
14,2026-06-15,First Stage,Group H,6,10,15,0,0,Draw,27,7,74,11,10,1,0,2,0,1,True
15,2026-06-15,First Stage,Group G,11,30,42,2,2,Draw,17,4,49,4,10,1,0,2,0,1,False
16,2026-06-15,First Stage,Group G,16,2,19,1,1,Draw,15,3,54,2,15,2,0,0,0,1,False
17,2026-06-16,First Stage,Group I,13,6,34,3,1,Win,11,8,53,6,5,0,0,1,2,3,False
18,2026-06-16,First Stage,Group I,7,40,22,1,4,Loss,11,1,39,2,12,1,0,1,-3,0,False
19,2026-06-16,First Stage,Group J,10,1,25,3,0,Win,10,6,48,2,13,0,0,3,3,3,True
20,2026-06-16,First Stage,Group J,15,14,41,3,1,Win,11,4,63,4,12,1,0,3,2,3,False
21,2026-06-17,First Stage,Group L,1,29,43,1,0,Win,7,2,38,2,9,1,0,4,1,3,True
22,2026-06-17,First Stage,Group L,8,5,18,4,2,Win,22,11,52,8,10,0,0,0,2,3,False
23,2026-06-17,First Stage,Group K,9,23,27,1,1,Draw,7,1,75,5,9,3,0,3,0,1,False
24,2026-06-17,First Stage,Group K,3,48,4,1,3,Loss,8,2,39,3,14,1,0,0,-2,0,False
25,2026-06-18,First Stage,Group A,6,38,24,1,1,Draw,14,3,38,5,12,1,0,2,0,1,False
26,2026-06-18,First Stage,Group B,11,11,26,4,1,Win,13,7,62,7,7,1,0,3,3,3,False
27,2026-06-18,First Stage,Group B,2,16,44,6,0,Win,32,10,79,19,9,1,0,1,6,3,True
28,2026-06-18,First Stage,Group A,4,8,31,1,0,Win,8,4,42,1,9,0,0,3,1,3,True
29,2026-06-19,First Stage,Group C,14,3,39,3,0,Win,8,5,57,4,13,1,0,8,3,3,True
30,2026-06-19,First Stage,Group C,7,33,21,0,1,Loss,6,0,41,2,11,1,0,1,-1,0,False
31,2026-06-19,First Stage,Group D,15,47,32,0,1,Loss,32,5,79,12,14,1,0,2,-1,0,False
32,2026-06-19,First Stage,Group D,16,12,13,2,0,Win,10,2,62,7,12,3,0,1,2,3,True
33,2026-06-20,First Stage,Group E,1,7,17,2,1,Win,16,7,60,8,5,0,0,0,1,3,False
34,2026-06-20,First Stage,Group E,10,28,37,0,0,Draw,27,15,75,9,7,1,0,1,0,1,True
35,2026-06-20,First Stage,Group F,9,9,35,5,1,Win,10,7,51,2,9,0,0,3,4,3,False
36,2026-06-20,First Stage,Group F,5,46,20,0,4,Loss,2,0,38,3,8,0,0,1,-4,0,False
37,2026-06-21,First Stage,Group H,12,36,15,2,2,Draw,17,2,65,11,11,2,0,3,0,1,False
38,2026-06-21,First Stage,Group H,6,10,45,4,0,Win,22,8,67,6,10,0,0,2,4,3,True
39,2026-06-21,First Stage,Group G,11,2,30,0,0,Draw,23,7,70,4,7,1,1,3,0,1,True
40,2026-06-21,First Stage,Group G,2,42,19,1,3,Loss,11,5,44,4,14,2,0,3,-2,0,False
41,2026-06-22,First Stage,Group I,13,22,34,3,2,Win,13,7,42,5,13,0,0,0,1,3,False
42,2026-06-22,First Stage,Group I,14,6,40,3,0,Win,19,5,56,4,8,0,0,1,3,3,True
43,2026-06-22,First Stage,Group J,8,1,14,2,0,Win,12,5,54,1,13,2,0,2,2,3,True
44,2026-06-22,First Stage,Group J,15,41,25,1,2,Loss,8,4,28,1,11,1,0,1,-1,0,False
45,2026-06-23,First Stage,Group L,7,5,29,0,0,Draw,19,3,79,9,14,1,0,2,0,1,True
46,2026-06-23,First Stage,Group L,1,43,18,0,1,Loss,8,1,42,7,19,1,0,1,-1,0,False
47,2026-06-23,First Stage,Group K,9,23,48,5,0,Win,17,9,66,3,14,1,0,2,5,3,True
48,2026-06-23,First Stage,Group K,4,4,27,1,0,Win,20,9,64,5,12,2,0,7,1,3,True
49,2026-06-24,First Stage,Group C,12,33,3,0,3,Loss,14,5,46,7,10,1,0,0,-3,0,False
50,2026-06-24,First Stage,Group C,6,21,39,4,2,Win,22,11,69,9,10,0,0,5,2,3,False
51,2026-06-24,First Stage,Group B,2,11,16,2,1,Win,6,4,55,2,19,1,0,1,1,3,False
52,2026-06-24,First Stage,Group B,16,26,44,3,1,Win,14,5,54,5,9,1,0,1,2,3,False
53,2026-06-24,First Stage,Group A,3,38,8,0,3,Loss,13,1,52,5,9,0,0,1,-3,0,False
54,2026-06-24,First Stage,Group A,5,24,31,1,0,Win,13,4,32,4,7,1,0,3,1,3,True
55,2026-06-25,First Stage,Group E,14,37,17,0,2,Loss,11,2,37,4,11,2,0,2,-2,0,False
56,2026-06-25,First Stage,Group E,13,28,7,2,1,Win,7,3,39,3,15,3,0,1,1,3,False
57,2026-06-25,First Stage,Group F,8,20,35,1,1,Draw,8,3,52,2,20,1,0,3,0,1,False
58,2026-06-25,First Stage,Group F,10,46,9,1,3,Loss,10,4,29,4,11,0,0,2,-2,0,False
59,2026-06-25,First Stage,Group D,11,47,12,3,2,Win,9,3,47,2,13,0,0,2,1,3,False
60,2026-06-25,First Stage,Group D,15,32,13,0,0,Draw,7,2,44,1,9,1,0,0,0,1,True
61,2026-06-26,First Stage,Group I,7,22,6,1,4,Loss,10,4,43,4,9,1,0,1,-3,0,False
62,2026-06-26,First Stage,Group I,1,34,40,5,0,Win,28,12,69,12,10,2,0,1,5,3,True
63,2026-06-26,First Stage,Group G,16,19,30,1,1,Draw,15,3,61,8,11,3,0,0,0,1,False
64,2026-06-26,First Stage,Group G,2,42,2,1,5,Loss,6,2,46,5,10,2,0,1,-4,0,False
65,2026-06-26,First Stage,Group H,9,15,45,0,0,Draw,15,2,51,4,10,1,0,2,0,1,True
66,2026-06-26,First Stage,Group H,4,36,10,0,1,Loss,5,1,33,1,14,3,1,5,-1,0,False
67,2026-06-27,First Stage,Group L,13,43,5,0,2,Loss,13,2,33,3,16,2,0,4,-2,0,False
68,2026-06-27,First Stage,Group L,14,18,29,2,1,Win,8,4,53,3,9,1,0,1,1,3,False
69,2026-06-27,First Stage,Group J,10,25,14,3,3,Draw,12,5,65,0,3,0,0,1,0,1,False
70,2026-06-27,First Stage,Group J,8,41,1,1,3,Loss,5,1,27,2,13,3,0,1,-2,0,False
71,2026-06-27,First Stage,Group K,12,4,23,0,0,Draw,24,6,55,5,12,1,0,3,0,1,True
72,2026-06-27,First Stage,Group K,6,27,48,3,1,Win,19,4,58,2,6,3,0,3,2,3,False
73,2026-06-28,Round of 32,,11,24,16,0,1,Loss,6,1,58,1,10,0,0,1,-1,0,False
74,2026-06-29,Round of 32,,7,7,32,1,1,Draw,21,6,76,16,18,2,0,4,0,1,False
75,2026-06-29,Round of 32,,5,9,21,1,1,Draw,6,2,30,5,18,0,0,3,0,1,False
76,2026-06-29,Round of 32,,9,3,20,2,1,Win,19,7,69,6,4,2,0,1,1,3,False
77,2026-06-30,Round of 32,,13,6,35,3,0,Win,25,12,61,9,14,0,0,3,3,3,True
78,2026-06-30,Round of 32,,8,17,22,1,2,Loss,14,5,47,14,6,0,0,2,-1,0,False
79,2026-06-30,Round of 32,,3,8,28,2,0,Win,15,3,43,3,10,0,0,0,2,3,True
80,2026-07-01,Round of 32,,6,5,27,2,1,Win,16,7,60,5,10,1,0,0,1,3,False
81,2026-07-01,Round of 32,,15,12,26,2,0,Win,8,2,48,4,7,0,1,3,2,3,True
82,2026-07-01,Round of 32,,16,2,34,3,2,Win,19,5,52,4,22,1,0,2,1,3,False
83,2026-07-02,Round of 32,,1,23,18,2,1,Win,15,3,60,9,6,1,0,1,1,3,False
84,2026-07-02,Round of 32,,11,10,14,3,0,Win,23,10,64,9,8,0,0,2,3,3,True
85,2026-07-02,Round of 32,,2,11,25,2,0,Win,11,5,45,4,10,0,0,0,2,3,True
86,2026-07-03,Round of 32,,12,1,15,3,2,Win,22,10,64,8,13,1,0,3,1,3,False
87,2026-07-03,Round of 32,,10,4,29,1,0,Win,20,8,61,3,14,2,0,2,1,3,True
88,2026-07-03,Round of 32,,8,13,19,1,1,Draw,16,1,42,4,12,0,0,0,0,1,False
89,2026-07-04,Round of 16,,14,32,6,0,1,Loss,5,1,24,2,13,0,0,0,-1,0,False
90,2026-07-04,Round of 16,,9,16,21,0,3,Loss,10,3,45,11,24,4,0,2,-3,0,False
91,2026-07-05,Round of 16,,13,3,22,1,2,Loss,14,4,34,5,7,1,0,1,-1,0,False
92,2026-07-05,Round of 16,,3,8,5,2,3,Loss,20,5,67,12,14,2,0,1,-1,0,False
93,2026-07-06,Round of 16,,8,23,10,0,1,Loss,10,2,45,3,9,2,0,2,-1,0,False
94,2026-07-06,Round of 16,,16,12,2,1,4,Loss,7,2,56,3,11,2,0,0,-3,0,False
95,2026-07-07,Round of 16,,6,1,19,3,2,Win,19,7,64,6,13,0,0,3,1,3,False
96,2026-07-07,Round of 16,,2,11,4,0,0,Draw,7,2,53,3,22,3,0,5,0,1,True
97,2026-07-09,Quarter-final,,7,6,21,2,0,Win,22,8,48,5,10,0,0,0,2,3,True
98,2026-07-10,Quarter-final,,11,10,2,2,1,Win,17,8,68,5,13,2,0,3,1,3,False
99,2026-07-11,Quarter-final,,12,22,5,1,2,Loss,13,4,48,7,10,1,0,1,-1,0,False
100,2026-07-11,Quarter-final,,10,1,11,3,1,Win,22,7,59,8,14,3,0,4,2,3,False
101,2026-07-14,Semi-final,,8,6,10,0,2,Loss,10,3,49,7,11,2,0,4,-2,0,False
102,2026-07-15,Semi-final,,6,5,1,1,2,Loss,5,2,36,2,11,1,0,1,-1,0,False
103,2026-07-18,Bronze final,,12,6,5,4,6,Loss,19,9,46,3,14,0,0,3,-2,0,False
104,2026-07-19,Final,,13,10,1,1,0,Win,20,12,65,9,21,0,0,4,1,3,True
1,2026-06-11,First Stage,Group A,3,24,8,0,2,Loss,3,2,40,1,11,2,2,1,-2,0,False
2,2026-06-11,First Stage,Group A,4,38,31,1,2,Loss,7,4,39,5,16,0,0,2,-1,0,False
3,2026-06-12,First Stage,Group B,1,26,16,1,1,Draw,8,3,39,4,20,3,0,0,0,1,False
4,2026-06-12,First Stage,Group D,11,32,12,1,4,Loss,9,1,35,1,17,5,0,1,-3,0,False
5,2026-06-13,First Stage,Group C,7,33,39,1,0,Win,9,2,46,3,21,3,0,1,1,3,True
6,2026-06-13,First Stage,Group D,2,47,13,0,2,Loss,30,8,72,8,4,1,0,3,-2,0,False
7,2026-06-13,First Stage,Group C,13,21,3,1,1,Draw,14,3,49,2,14,0,0,1,0,1,False
8,2026-06-13,First Stage,Group B,15,11,44,1,1,Draw,26,7,68,10,11,1,0,1,0,1,False
9,2026-06-14,First Stage,Group E,14,28,17,0,1,Loss,12,1,52,6,13,1,0,0,-1,0,False
10,2026-06-14,First Stage,Group E,9,37,7,1,7,Loss,8,2,35,1,11,0,0,1,-6,0,False
11,2026-06-14,First Stage,Group F,8,20,9,2,2,Draw,10,3,40,4,7,0,0,0,0,1,False
12,2026-06-14,First Stage,Group F,5,46,35,1,5,Loss,6,2,51,2,8,1,0,6,-4,0,False
13,2026-06-15,First Stage,Group H,12,36,45,1,1,Draw,27,10,67,14,6,0,0,6,0,1,False
14,2026-06-15,First Stage,Group H,6,15,10,0,0,Draw,6,1,26,1,1,1,0,3,0,1,True
15,2026-06-15,First Stage,Group G,11,42,30,2,2,Draw,14,8,52,1,8,0,0,0,0,1,False
16,2026-06-15,First Stage,Group G,16,19,2,1,1,Draw,14,3,46,7,15,2,0,1,0,1,False
17,2026-06-16,First Stage,Group I,13,34,6,1,3,Loss,6,2,47,4,9,0,0,3,-2,0,False
18,2026-06-16,First Stage,Group I,7,22,40,4,1,Win,12,5,61,5,13,0,0,0,3,3,False
19,2026-06-16,First Stage,Group J,10,25,1,0,3,Loss,7,1,52,2,8,0,0,1,-3,0,False
20,2026-06-16,First Stage,Group J,15,41,14,1,3,Loss,11,4,37,3,7,0,0,1,-2,0,False
21,2026-06-17,First Stage,Group L,1,43,29,0,1,Loss,11,4,62,2,11,2,0,1,-1,0,False
22,2026-06-17,First Stage,Group L,8,18,5,2,4,Loss,10,5,48,2,12,0,0,1,-2,0,False
23,2026-06-17,First Stage,Group K,9,27,23,1,1,Draw,8,2,25,4,10,1,0,2,0,1,False
24,2026-06-17,First Stage,Group K,3,4,48,3,1,Win,15,4,61,4,11,1,0,3,2,3,False
25,2026-06-18,First Stage,Group A,6,24,38,1,1,Draw,17,4,62,5,10,2,0,3,0,1,False
26,2026-06-18,First Stage,Group B,11,26,11,1,4,Loss,5,3,38,3,18,2,1,1,-3,0,False
27,2026-06-18,First Stage,Group B,2,44,16,0,6,Loss,2,0,21,1,10,1,2,1,-6,0,False
28,2026-06-18,First Stage,Group A,4,31,8,0,1,Loss,9,2,58,2,7,2,0,6,-1,0,False
29,2026-06-19,First Stage,Group C,14,39,3,0,3,Loss,7,3,43,4,14,3,0,4,-3,0,False
30,2026-06-19,First Stage,Group C,7,21,33,1,0,Win,12,2,59,5,8,1,0,0,1,3,True
31,2026-06-19,First Stage,Group D,15,32,47,1,0,Win,7,2,22,0,15,1,1,3,1,3,True
32,2026-06-19,First Stage,Group D,16,13,12,0,2,Loss,5,2,38,4,16,4,0,0,-2,0,False
33,2026-06-20,First Stage,Group E,1,17,7,1,2,Loss,9,2,41,3,7,0,0,1,-1,0,False
34,2026-06-20,First Stage,Group E,10,37,28,0,0,Draw,10,3,25,0,10,5,0,2,0,1,True
35,2026-06-20,First Stage,Group F,9,35,9,1,5,Loss,16,8,49,5,12,3,0,3,-4,0,False
36,2026-06-20,First Stage,Group F,5,20,46,4,0,Win,11,5,62,5,15,0,0,1,4,3,True
37,2026-06-21,First Stage,Group H,12,15,36,2,2,Draw,12,4,35,4,4,2,0,0,0,1,False
38,2026-06-21,First Stage,Group H,6,45,10,0,4,Loss,3,1,33,1,2,2,0,3,-4,0,False
39,2026-06-21,First Stage,Group G,11,30,2,0,0,Draw,7,3,30,2,9,1,0,4,0,1,True
40,2026-06-21,First Stage,Group G,2,19,42,3,1,Win,19,7,56,4,8,1,0,0,2,3,False
41,2026-06-22,First Stage,Group I,13,34,22,2,3,Loss,16,4,58,4,5,0,0,4,-1,0,False
42,2026-06-22,First Stage,Group I,14,40,6,0,3,Loss,4,0,44,2,4,1,0,0,-3,0,False
43,2026-06-22,First Stage,Group J,8,14,1,0,2,Loss,6,1,46,3,13,2,0,0,-2,0,False
44,2026-06-22,First Stage,Group J,15,25,41,2,1,Win,17,8,72,10,6,1,0,0,1,3,False
45,2026-06-23,First Stage,Group L,7,29,5,0,0,Draw,2,1,21,2,24,1,0,2,0,1,True
46,2026-06-23,First Stage,Group L,1,18,43,1,0,Win,6,2,58,2,12,1,0,2,1,3,True
47,2026-06-23,First Stage,Group K,9,48,23,0,5,Loss,7,2,34,2,15,1,0,2,-5,0,False
48,2026-06-23,First Stage,Group K,4,27,4,0,1,Loss,7,1,37,4,16,1,0,0,-1,0,False
49,2026-06-24,First Stage,Group C,12,3,33,3,0,Win,21,9,54,7,11,2,0,1,3,3,True
50,2026-06-24,First Stage,Group C,6,39,21,2,4,Loss,9,2,31,1,18,3,0,0,-2,0,False
51,2026-06-24,First Stage,Group B,2,16,11,1,2,Loss,13,7,45,7,13,2,0,3,-1,0,False
52,2026-06-24,First Stage,Group B,16,44,26,1,3,Loss,9,3,46,5,14,1,0,3,-2,0,False
53,2026-06-24,First Stage,Group A,3,8,38,3,0,Win,11,5,48,1,13,1,0,0,3,3,True
54,2026-06-24,First Stage,Group A,5,31,24,0,1,Loss,8,3,68,6,9,1,0,0,-1,0,False
55,2026-06-25,First Stage,Group E,14,17,37,2,0,Win,7,3,63,6,6,1,0,1,2,3,True
56,2026-06-25,First Stage,Group E,13,7,28,1,2,Loss,11,3,61,2,10,1,0,0,-1,0,False
57,2026-06-25,First Stage,Group F,8,35,20,1,1,Draw,11,5,48,8,11,2,0,2,0,1,False
58,2026-06-25,First Stage,Group F,10,9,46,3,1,Win,20,7,71,6,10,0,0,1,2,3,False
59,2026-06-25,First Stage,Group D,11,12,47,2,3,Loss,18,7,53,9,13,1,0,5,-1,0,False
60,2026-06-25,First Stage,Group D,15,13,32,0,0,Draw,12,5,56,3,6,1,0,0,0,1,True
61,2026-06-26,First Stage,Group I,7,6,22,4,1,Win,18,9,57,5,11,1,0,2,3,3,False
62,2026-06-26,First Stage,Group I,1,40,34,0,5,Loss,6,1,31,3,11,2,1,0,-5,0,False
63,2026-06-26,First Stage,Group G,16,30,19,1,1,Draw,13,4,39,2,16,4,0,3,0,1,False
64,2026-06-26,First Stage,Group G,2,2,42,5,1,Win,35,10,55,8,7,0,0,1,4,3,False
65,2026-06-26,First Stage,Group H,9,45,15,0,0,Draw,7,3,49,2,16,3,0,0,0,1,True
66,2026-06-26,First Stage,Group H,4,10,36,1,0,Win,6,1,67,6,14,1,0,2,1,3,True
67,2026-06-27,First Stage,Group L,13,5,43,2,0,Win,17,6,67,7,13,1,0,4,2,3,True
68,2026-06-27,First Stage,Group L,14,29,18,1,2,Loss,6,1,47,2,13,1,0,2,-1,0,False
69,2026-06-27,First Stage,Group J,10,14,25,3,3,Draw,10,3,35,3,7,1,0,3,0,1,False
70,2026-06-27,First Stage,Group J,8,1,41,3,1,Win,12,4,73,6,7,0,0,3,2,3,False
71,2026-06-27,First Stage,Group K,12,23,4,0,0,Draw,13,2,45,2,6,0,0,2,0,1,True
72,2026-06-27,First Stage,Group K,6,48,27,1,3,Loss,3,1,42,4,16,2,0,1,-2,0,False
73,2026-06-28,Round of 32,,11,16,24,1,0,Win,12,7,42,4,16,2,0,0,1,3,True
74,2026-06-29,Round of 32,,7,32,7,1,1,Draw,7,3,24,6,12,2,0,1,0,1,False
75,2026-06-29,Round of 32,,5,21,9,1,1,Draw,11,5,70,8,15,1,0,0,0,1,False
76,2026-06-29,Round of 32,,9,20,3,1,2,Loss,5,2,31,2,13,3,0,0,-1,0,False
77,2026-06-30,Round of 32,,13,35,6,0,3,Loss,8,3,39,1,10,0,0,1,-3,0,False
78,2026-06-30,Round of 32,,8,22,17,2,1,Win,9,4,53,3,7,1,0,2,1,3,False
79,2026-06-30,Round of 32,,3,28,8,0,2,Loss,7,1,57,8,14,3,1,1,-2,0,False
80,2026-07-01,Round of 32,,6,27,5,1,2,Loss,7,2,40,3,12,1,0,4,-1,0,False
81,2026-07-01,Round of 32,,15,26,12,0,2,Loss,10,3,52,3,13,1,0,0,-2,0,False
82,2026-07-01,Round of 32,,16,34,2,2,3,Loss,19,5,48,2,12,1,0,2,-1,0,False
83,2026-07-02,Round of 32,,1,18,23,1,2,Loss,13,6,40,5,12,2,0,4,-1,0,False
84,2026-07-02,Round of 32,,11,14,10,0,3,Loss,5,0,36,0,15,1,0,5,-3,0,False
85,2026-07-02,Round of 32,,2,25,11,0,2,Loss,8,2,56,2,12,2,0,2,-2,0,False
86,2026-07-03,Round of 32,,12,15,1,2,3,Loss,16,5,36,8,12,1,0,2,-1,0,False
87,2026-07-03,Round of 32,,10,29,4,0,1,Loss,8,0,39,2,10,3,0,0,-1,0,False
88,2026-07-03,Round of 32,,8,19,13,1,1,Draw,14,3,58,7,14,2,0,3,0,1,False
89,2026-07-04,Round of 16,,14,6,32,1,0,Win,15,5,76,12,11,3,0,0,1,3,True
90,2026-07-04,Round of 16,,9,21,16,3,0,Win,5,4,55,1,14,4,0,3,3,3,True
91,2026-07-05,Round of 16,,13,22,3,2,1,Win,9,5,66,5,6,0,0,1,1,3,False
92,2026-07-05,Round of 16,,3,5,8,3,2,Win,6,5,33,2,7,4,1,0,1,3,False
93,2026-07-06,Round of 16,,8,10,23,1,0,Win,15,6,55,7,13,1,0,1,1,3,True
94,2026-07-06,Round of 16,,16,2,12,4,1,Win,15,7,44,5,9,0,0,1,3,3,False
95,2026-07-07,Round of 16,,6,19,1,2,3,Loss,5,2,36,1,11,4,0,0,-1,0,False
96,2026-07-07,Round of 16,,2,4,11,0,0,Draw,15,3,47,7,21,2,0,4,0,1,True
97,2026-07-09,Quarter-final,,7,21,6,0,2,Loss,5,1,52,5,13,1,0,0,-2,0,False
98,2026-07-10,Quarter-final,,11,2,10,1,2,Loss,5,2,32,1,18,2,0,1,-1,0,False
99,2026-07-11,Quarter-final,,12,5,22,2,1,Win,14,8,52,4,8,0,0,5,1,3,False
100,2026-07-11,Quarter-final,,10,11,1,1,3,Loss,11,5,41,2,18,1,1,3,-2,0,False
101,2026-07-14,Semi-final,,8,10,6,2,0,Win,10,2,51,1,12,1,0,5,2,3,True
102,2026-07-15,Semi-final,,6,1,5,2,1,Win,15,5,64,6,15,3,0,3,1,3,False
103,2026-07-18,Bronze final,,12,5,6,6,4,Win,19,11,54,4,8,0,0,3,2,3,False
104,2026-07-19,Final,,13,1,10,0,1,Loss,2,0,35,4,25,4,1,1,-1,0,False
