GoalID,MatchID,PlayerID,TeamID,Minute,GoalType
1,1,718,8,9,
2,1,711,8,67,
3,2,682,31,67,
4,2,694,31,80,
5,2,371,38,59,
6,25,382,38,6,
7,25,1018,24,83,Penalty
8,28,709,8,50,
9,53,722,8,55,
10,53,718,8,61,
11,53,710,8,90+4,
12,54,1026,24,63,
13,3,217,16,78,
14,3,155,26,21,
15,8,1094,44,90+4,Own Goal
16,8,1099,11,17,Penalty
17,26,1101,11,74,
18,26,1109,11,84,
19,26,1101,11,90,
20,26,1102,11,90+7,Penalty
21,26,156,26,90+3,
22,27,217,16,16,
23,27,218,16,29,
24,27,218,16,45+3,
25,27,233,16,64,
26,27,936,16,75,Own Goal
27,27,218,16,90+2,
28,51,1109,11,46,
29,51,1101,11,57,
30,51,232,16,76,
31,52,149,26,29,
32,52,911,26,34,Own Goal
33,52,156,26,80,
34,52,920,44,42,
35,7,163,3,32,
36,7,739,21,21,
37,5,969,33,28,
38,30,739,21,2,
39,29,165,3,23,
40,29,165,3,36,
41,29,163,3,45+3,
42,49,163,3,7,
43,49,163,3,45+3,
44,49,165,3,60,
45,50,730,21,39,
46,50,739,21,45+1,
47,50,737,21,78,
48,50,744,21,89,
49,50,729,39,10,Own Goal
50,50,564,39,43,
51,4,874,12,7,Own Goal
52,4,1216,12,31,
53,4,1216,12,45+5,
54,4,1203,12,90+8,
55,4,869,32,73,
56,6,69,13,27,
57,6,60,13,75,
58,32,73,12,11,Own Goal
59,32,1212,12,43,
60,31,881,32,2,
61,59,1152,47,10,
62,59,1165,47,31,
63,59,1166,47,90+8,
64,59,1202,12,3,
65,59,1210,12,49,
66,10,517,7,6,
67,10,509,7,38,
68,10,501,7,45+5,Penalty
69,10,504,7,47,
70,10,512,7,68,
71,10,520,7,78,
72,10,501,7,88,
73,10,346,37,21,
74,9,301,17,90,
75,33,520,7,68,
76,33,520,7,90+4,
77,33,294,17,30,
78,55,305,17,7,
79,55,305,17,64,
80,56,410,28,9,
81,56,409,28,77,
82,56,513,7,2,
83,11,758,9,51,
84,11,778,9,64,
85,11,637,20,57,
86,11,639,20,88,
87,12,1084,35,7,
88,12,1075,35,30,
89,12,1083,35,59,
90,12,1085,35,84,
91,12,1084,35,90+6,
92,12,1122,46,43,
93,35,773,9,5,
94,35,773,9,17,
95,35,765,9,47,
96,35,765,9,54,
97,35,778,9,89,
98,35,1077,35,59,
99,36,639,20,4,
100,36,642,20,31,
101,36,638,20,69,
102,36,642,20,83,
103,57,635,20,56,
104,57,1077,35,62,
105,58,1127,46,54,
106,58,1135,9,3,Own Goal
107,58,773,9,7,
108,58,760,9,62,
109,16,419,2,66,Own Goal
110,16,424,19,19,
111,15,595,30,32,
112,15,580,30,64,
113,15,791,42,7,
114,15,791,42,54,
115,40,796,42,15,
116,40,427,19,58,
117,40,426,19,67,
118,40,423,19,82,
119,63,437,19,5,
120,63,595,30,14,
121,64,791,42,84,
122,64,114,2,28,
123,64,114,2,50,
124,64,111,2,66,
125,64,113,2,86,
126,64,126,2,90+4,
127,13,940,45,41,
128,13,1190,36,80,
129,38,1059,10,10,
130,38,1061,10,21,
131,38,1061,10,24,
132,38,941,10,49,Own Goal
133,37,1190,36,44,
134,37,1184,36,45+6,
135,37,188,15,21,
136,37,208,15,61,
137,66,1055,10,42,
138,17,478,6,66,
139,17,480,6,82,
140,17,478,6,90+6,
141,17,1008,34,90+5,
142,18,616,40,39,
143,18,815,22,29,
144,18,815,22,43,
145,18,810,22,76,
146,18,616,22,90+6,Own Goal
147,42,478,6,14,
148,42,478,6,54,
149,42,475,6,66,
150,41,822,22,43,
151,41,815,22,48,
152,41,815,22,58,
153,41,1006,34,53,
154,41,1006,34,90+3,
155,61,825,22,21,
156,61,475,6,7,
157,61,475,6,20,
158,61,475,6,32,
159,61,488,6,90+4,
160,62,1009,34,4,
161,62,1006,34,56,
162,62,1014,34,59,
163,62,1014,34,71,
164,62,1001,34,82,
165,19,36,1,17,
166,19,36,1,60,
167,19,36,1,76,
168,20,96,14,21,
169,20,655,14,76,Own Goal
170,20,85,14,90+12,Penalty
171,20,659,41,50,
172,43,36,1,38,
173,43,36,1,90+5,
174,44,671,41,36,
175,44,12,25,69,
176,44,9,25,82,
177,69,17,25,45,
178,69,7,25,60,
179,69,7,25,90+3,
180,69,85,14,28,
181,69,87,14,55,
182,69,92,14,90+6,
183,70,660,41,55,
184,70,37,1,19,
185,70,48,1,31,Penalty
186,70,36,1,80,
187,23,899,23,6,
188,23,280,27,45+5,
189,24,1244,48,60,
190,24,236,4,40,
191,24,241,4,65,
192,24,255,4,90+9,
193,47,891,23,6,
194,47,909,23,17,
195,47,891,23,39,
196,47,1234,23,60,Own Goal
197,47,901,23,87,
198,48,236,4,76,
199,72,280,27,68,Penalty
200,72,279,27,78,
201,72,280,27,90+1,
202,72,1236,48,10,
203,22,451,5,12,Penalty
204,22,451,5,42,
205,22,452,5,47,
206,22,453,5,85,
207,22,328,18,36,
208,22,338,18,45+5,
209,21,523,29,90+5,
210,46,323,18,54,
211,67,452,5,62,
212,67,451,5,67,
213,68,329,18,31,
214,68,325,18,83,
215,68,543,29,73,
216,73,215,16,90+2,
217,74,501,7,54,
218,74,877,32,42,
219,75,765,9,72,
220,75,742,21,90+1,
221,76,161,3,56,
222,76,178,3,90+5,
223,76,648,20,29,
224,77,478,6,45,
225,77,480,6,53,
226,77,478,6,74,
227,78,301,17,74,
228,78,826,22,39,
229,78,815,22,86,
230,79,718,8,31,
231,79,711,8,45+1,
232,80,451,5,75,
233,80,451,5,86,
234,80,269,27,7,
235,81,1216,12,45,
236,81,1213,12,82,
237,82,113,2,86,
238,82,112,2,89,
239,82,112,2,120+5,Penalty
240,82,1009,34,25,
241,82,1006,34,51,
242,83,891,23,68,Penalty
243,83,893,23,90+4,
244,83,326,18,53,
245,84,1061,10,36,
246,84,1052,10,66,
247,84,1061,10,89,
248,85,1099,11,10,
249,85,1103,11,46,
250,86,36,1,29,
251,86,32,1,92,
252,86,185,1,111,Own Goal
253,86,196,15,59,
254,86,195,15,103,
255,87,245,4,14,
256,88,419,13,55,Own Goal
257,88,424,19,13,
258,89,478,6,70,Penalty
259,90,736,21,50,
260,90,736,21,82,
261,90,737,21,90+8,
262,91,166,3,90+10,Penalty
263,91,815,22,79,
264,91,815,22,90,
265,92,718,8,42,
266,92,711,8,69,Penalty
267,92,452,5,36,
268,92,452,5,38,
269,92,451,5,60,Penalty
270,93,1046,10,90+1,
271,94,1213,12,31,
272,94,121,2,9,
273,94,121,2,33,
274,94,124,2,57,
275,94,113,2,90+3,
276,95,39,1,79,
277,95,36,1,83,
278,95,50,1,90+2,
279,95,418,19,15,
280,95,427,19,67,
281,97,478,6,60,
282,97,475,6,66,
283,98,1048,10,30,
284,98,1046,10,88,
285,98,121,2,41,
286,99,827,22,36,
287,99,452,5,45+2,
288,99,452,5,93,
289,100,46,1,10,
290,100,35,1,112,
291,100,48,1,120+1,
292,100,1103,11,67,
293,101,1061,10,22,Penalty
294,101,1052,10,58,
295,102,460,5,55,
296,102,50,1,86,
297,102,48,1,92,
298,103,478,6,48,
299,103,480,6,54,
300,103,478,6,66,
301,103,475,6,90+6,
302,103,446,5,3,
303,103,444,5,18,
304,103,449,5,37,
305,103,449,5,45+1,
306,103,449,5,87,Penalty
307,103,452,5,90+8,
308,104,1047,10,106,
