StatisticID,MatchID,TeamID,Shots,ShotsOnTarget,Possession,Corners,Fouls,YellowCards,RedCards,Offsides
1,1,8,16,4,61,3,12,1,1,1
2,1,24,3,2,40,1,11,2,2,1
3,2,31,15,6,62,4,9,1,0,2
4,2,38,7,4,39,5,16,0,0,2
5,25,38,14,3,38,5,12,1,0,2
6,25,24,17,4,62,5,10,2,0,3
7,28,8,8,4,42,1,9,0,0,3
8,28,31,9,2,58,2,7,2,0,6
9,53,38,13,1,52,5,9,0,0,1
10,53,8,11,5,48,1,13,1,0,0
11,54,24,13,4,32,4,7,1,0,3
12,54,31,8,3,68,6,9,1,0,0
13,3,16,13,4,61,9,10,2,0,1
14,3,26,8,3,39,4,20,3,0,0
15,8,44,6,3,32,3,12,2,0,0
16,8,11,26,7,68,10,11,1,0,1
17,26,11,13,7,62,7,7,1,0,3
18,26,26,5,3,38,3,18,2,1,1
19,27,16,32,10,79,19,9,1,0,1
20,27,44,2,0,21,1,10,1,2,1
21,51,11,6,4,55,2,19,1,0,1
22,51,16,13,7,45,7,13,2,0,3
23,52,26,14,5,54,5,9,1,0,1
24,52,44,9,3,46,5,14,1,0,3
25,7,3,12,5,51,6,16,2,0,0
26,7,21,14,3,49,2,14,0,0,1
27,5,39,15,2,54,4,23,1,0,3
28,5,33,9,2,46,3,21,3,0,1
29,30,33,6,0,41,2,11,1,0,1
30,30,21,12,2,59,5,8,1,0,0
31,29,3,8,5,57,4,13,1,0,8
32,29,39,7,3,43,4,14,3,0,4
33,49,33,14,5,46,7,10,1,0,0
34,49,3,21,9,54,7,11,2,0,1
35,50,21,22,11,69,9,10,0,0,5
36,50,39,9,2,31,1,18,3,0,0
37,4,12,16,6,65,3,13,1,0,2
38,4,32,9,1,35,1,17,5,0,1
39,6,13,9,4,28,5,12,0,0,1
40,6,47,30,8,72,8,4,1,0,3
41,32,12,10,2,62,7,12,3,0,1
42,32,13,5,2,38,4,16,4,0,0
43,31,47,32,5,79,12,14,1,0,2
44,31,32,7,2,22,0,15,1,1,3
45,59,47,9,3,47,2,13,0,0,2
46,59,12,18,7,53,9,13,1,0,5
47,60,32,7,2,44,1,9,1,0,0
48,60,13,12,5,56,3,6,1,0,0
49,10,7,26,12,65,8,18,0,0,0
50,10,37,8,2,35,1,11,0,0,1
51,9,17,15,4,48,3,10,3,0,0
52,9,28,12,1,52,6,13,1,0,0
53,33,7,16,7,60,8,5,0,0,0
54,33,17,9,2,41,3,7,0,0,1
55,34,28,27,15,75,9,7,1,0,1
56,34,37,10,3,25,0,10,5,0,2
57,55,37,11,2,37,4,11,2,0,2
58,55,17,7,3,63,6,6,1,0,1
59,56,28,7,3,39,3,15,3,0,1
60,56,7,11,3,61,2,10,1,0,0
61,11,9,10,6,60,5,7,3,0,1
62,11,20,10,3,40,4,7,0,0,0
63,12,35,13,7,49,4,10,0,0,3
64,12,46,6,2,51,2,8,1,0,6
65,35,9,10,7,51,2,9,0,0,3
66,35,35,16,8,49,5,12,3,0,3
67,36,46,2,0,38,3,8,0,0,1
68,36,20,11,5,62,5,15,0,0,1
69,57,20,8,3,52,2,20,1,0,3
70,57,35,11,5,48,8,11,2,0,2
71,58,46,10,4,29,4,11,0,0,2
72,58,9,20,7,71,6,10,0,0,1
73,16,2,15,3,54,2,15,2,0,0
74,16,19,14,3,46,7,15,2,0,1
75,15,30,17,4,49,4,10,1,0,2
76,15,42,14,8,52,1,8,0,0,0
77,39,2,23,7,70,4,7,1,1,3
78,39,30,7,3,30,2,9,1,0,4
79,40,42,11,5,44,4,14,2,0,3
80,40,19,19,7,56,4,8,1,0,0
81,63,19,15,3,61,8,11,3,0,0
82,63,30,13,4,39,2,16,4,0,3
83,64,42,6,2,46,5,10,2,0,1
84,64,2,35,10,55,8,7,0,0,1
85,14,10,27,7,74,11,10,1,0,2
86,14,15,6,1,26,1,1,1,0,3
87,13,45,7,3,33,4,11,1,0,0
88,13,36,27,10,67,14,6,0,0,6
89,38,10,22,8,67,6,10,0,0,2
90,38,45,3,1,33,1,2,2,0,3
91,37,36,17,2,65,11,11,2,0,3
92,37,15,12,4,35,4,4,2,0,0
93,65,15,15,2,51,4,10,1,0,2
94,65,45,7,3,49,2,16,3,0,0
95,66,36,5,1,33,1,14,3,1,5
96,66,10,6,1,67,6,14,1,0,2
97,17,6,11,8,53,6,5,0,0,1
98,17,34,6,2,47,4,9,0,0,3
99,18,40,11,1,39,2,12,1,0,1
100,18,22,12,5,61,5,13,0,0,0
101,42,6,19,5,56,4,8,0,0,1
102,42,40,4,0,44,2,4,1,0,0
103,41,22,13,7,42,5,13,0,0,0
104,41,34,16,4,58,4,5,0,0,4
105,61,22,10,4,43,4,9,1,0,1
106,61,6,18,9,57,5,11,1,0,2
107,62,34,28,12,69,12,10,2,0,1
108,62,40,6,1,31,3,11,2,1,0
109,19,1,10,6,48,2,13,0,0,3
110,19,25,7,1,52,2,8,0,0,1
111,20,14,11,4,63,4,12,1,0,3
112,20,41,11,4,37,3,7,0,0,1
113,43,1,12,5,54,1,13,2,0,2
114,43,14,6,1,46,3,13,2,0,0
115,44,41,8,4,28,1,11,1,0,1
116,44,25,17,8,72,10,6,1,0,0
117,69,25,12,5,65,0,3,0,0,1
118,69,14,10,3,35,3,7,1,0,3
119,70,41,5,1,27,2,13,3,0,1
120,70,1,12,4,73,6,7,0,0,3
121,23,23,7,1,75,5,9,3,0,3
122,23,27,8,2,25,4,10,1,0,2
123,24,48,8,2,39,3,14,1,0,0
124,24,4,15,4,61,4,11,1,0,3
125,47,23,17,9,66,3,14,1,0,2
126,47,48,7,2,34,2,15,1,0,2
127,48,4,20,9,64,5,12,2,0,7
128,48,27,7,1,37,4,16,1,0,0
129,71,4,24,6,55,5,12,1,0,3
130,71,23,13,2,45,2,6,0,0,2
131,72,27,19,4,58,2,6,3,0,3
132,72,48,3,1,42,4,16,2,0,1
133,22,5,22,11,52,8,10,0,0,0
134,22,18,10,5,48,2,12,0,0,1
135,21,29,7,2,38,2,9,1,0,4
136,21,43,11,4,62,2,11,2,0,1
137,45,5,19,3,79,9,14,1,0,2
138,45,29,2,1,21,2,24,1,0,2
139,46,43,8,1,42,7,19,1,0,1
140,46,18,6,2,58,2,12,1,0,2
141,67,43,13,2,33,3,16,2,0,4
142,67,5,17,6,67,7,13,1,0,4
143,68,18,8,4,53,3,9,1,0,1
144,68,29,6,1,47,2,13,1,0,2
145,73,24,6,1,58,1,10,0,0,1
146,73,16,12,7,42,4,16,2,0,0
147,74,7,21,6,76,16,18,2,0,4
148,74,32,7,3,24,6,12,2,0,1
149,75,9,6,2,30,5,18,0,0,3
150,75,21,11,5,70,8,15,1,0,0
151,76,3,19,7,69,6,4,2,0,1
152,76,20,5,2,31,2,13,3,0,0
153,77,6,25,12,61,9,14,0,0,3
154,77,35,8,3,39,1,10,0,0,1
155,78,17,14,5,47,14,6,0,0,2
156,78,22,9,4,53,3,7,1,0,2
157,79,8,15,3,43,3,10,0,0,0
158,79,28,7,1,57,8,14,3,1,1
159,80,5,16,7,60,5,10,1,0,0
160,80,27,7,2,40,3,12,1,0,4
161,81,12,8,2,48,4,7,0,1,3
162,81,26,10,3,52,3,13,1,0,0
163,82,2,19,5,52,4,22,1,0,2
164,82,34,19,5,48,2,12,1,0,2
165,83,23,15,3,60,9,6,1,0,1
166,83,18,13,6,40,5,12,2,0,4
167,84,10,23,10,64,9,8,0,0,2
168,84,14,5,0,36,0,15,1,0,5
169,85,11,11,5,45,4,10,0,0,0
170,85,25,8,2,56,2,12,2,0,2
171,86,1,22,10,64,8,13,1,0,3
172,86,15,16,5,36,8,12,1,0,2
173,87,4,20,8,61,3,14,2,0,2
174,87,29,8,0,39,2,10,3,0,0
175,88,13,16,1,42,4,12,0,0,0
176,88,19,14,3,58,7,14,2,0,3
177,89,32,5,1,24,2,13,0,0,0
178,89,6,15,5,76,12,11,3,0,0
179,90,16,10,3,45,11,24,4,0,2
180,90,21,5,4,55,1,14,4,0,3
181,91,3,14,4,34,5,7,1,0,1
182,91,22,9,5,66,5,6,0,0,1
183,92,8,20,5,67,12,14,2,0,1
184,92,5,6,5,33,2,7,4,1,0
185,93,23,10,2,45,3,9,2,0,2
186,93,10,15,6,55,7,13,1,0,1
187,94,12,7,2,56,3,11,2,0,0
188,94,2,15,7,44,5,9,0,0,1
189,95,1,19,7,64,6,13,0,0,3
190,95,19,5,2,36,1,11,4,0,0
191,96,11,7,2,53,3,22,3,0,5
192,96,4,15,3,47,7,21,2,0,4
193,97,6,22,8,48,5,10,0,0,0
194,97,21,5,1,52,5,13,1,0,0
195,98,10,17,8,68,5,13,2,0,3
196,98,2,5,2,32,1,18,2,0,1
197,99,22,13,4,48,7,10,1,0,1
198,99,5,14,8,52,4,8,0,0,5
199,100,1,22,7,59,8,14,3,0,4
200,100,11,11,5,41,2,18,1,1,3
201,101,6,10,3,49,7,11,2,0,4
202,101,10,10,2,51,1,12,1,0,5
203,102,5,5,2,36,2,11,1,0,1
204,102,1,15,5,64,6,15,3,0,3
205,103,6,19,9,46,3,14,0,0,3
206,103,5,19,11,54,4,8,0,0,3
207,104,10,20,12,65,9,21,0,0,4
208,104,1,2,0,35,4,25,4,1,1
