PlayerID,PlayerName,TeamID,Position,JerseyNumber
1,Melvin Mastil,25,GK,1
2,Aissa Mandi,25,DF,2
3,Achref Abada,25,DF,3
4,Mohamed Amine Tougai,25,DF,4
5,Zineddine Belaid,25,DF,5
6,Ramiz Zerrouki,25,MF,6
7,Riyad Mahrez,25,FW,7
8,Houssem Aouar,25,MF,8
9,Amine Gouiri,25,FW,9
10,Fares Chaibi,25,MF,10
11,Anis Hadj Moussa,25,FW,11
12,Nadhir Benbouali,25,FW,12
13,Jaouen Hadjam,25,DF,13
14,Hicham Boudaoui,25,MF,14
15,Rayan Ait-Nouri,25,DF,15
16,Oussama Benbot,25,GK,16
17,Rafik Belghali,25,DF,17
18,Mohamed Amoura,25,FW,18
19,Nabil Bentaleb,25,MF,19
20,Adil Boulbina,25,FW,20
21,Ramy Bensebaini,25,DF,21
22,Ibrahim Maza,25,MF,22
23,Luca Zidane,25,GK,23
24,Yassine Titraoui,25,MF,24
25,Fares Ghedjemis,25,FW,25
26,Samir Chergui,25,DF,26
27,Juan Musso,1,GK,1
28,Marcos Senesi,1,DF,2
29,Nicolas Tagliafico,1,DF,3
30,Gonzalo Montiel,1,DF,4
31,Leandro Paredes,1,MF,5
32,Lisandro Martinez,1,DF,6
33,Rodrigo De Paul,1,MF,7
34,Valentin Barco,1,MF,8
35,Julian Alvarez,1,FW,9
36,Lionel Messi,1,FW,10
37,Giovani Lo Celso,1,MF,11
38,Geronimo Rulli,1,GK,12
39,Cristian Romero,1,DF,13
40,Exequiel Palacios,1,MF,14
41,Nico Gonzalez,1,MF,15
42,Thiago Almada,1,FW,16
43,Giuliano Simeone,1,FW,17
44,Nico Paz,1,FW,18
45,Nicolas Otamendi,1,DF,19
46,Alexis Mac Allister,1,MF,20
47,Jose Manuel Lopez,1,FW,21
48,Lautaro Martinez,1,FW,22
49,Emiliano Martinez,1,GK,23
50,Enzo Fernandez,1,MF,24
51,Facundo Medina,1,DF,25
52,Nahuel Molina,1,DF,26
53,Mathew Ryan,13,GK,1
54,Milos Degenek,13,DF,2
55,Alessandro Circati,13,DF,3
56,Jacob Italiano,13,DF,4
57,Jordan Bos,13,DF,5
58,Jason Geria,13,DF,6
59,Mathew Leckie,13,FW,7
60,Connor Metcalfe,13,MF,8
61,Mohamed Toure,13,FW,9
62,Ajdin Hrustic,13,FW,10
63,Awer Mabil,13,FW,11
64,Paul Izzo,13,GK,12
65,Aiden Oneill,13,MF,13
66,Cameron Devlin,13,MF,14
67,Kai Trewin,13,DF,15
68,Aziz Behich,13,DF,16
69,Nestory Irankunda,13,FW,17
70,Patrick Beach,13,GK,18
71,Harry Souttar,13,DF,19
72,Cristian Volpato,13,FW,20
73,Cameron Burgess,13,DF,21
74,Jackson Irvine,13,MF,22
75,Nishan Velupillay,13,FW,23
76,Paul Okon-Engstler,13,MF,24
77,Lucas Herrington,13,DF,25
78,Tete Yengi,13,FW,26
79,Alexander Schlager,14,GK,1
80,David Affengruber,14,DF,2
81,Kevin Danso,14,DF,3
82,Xaver Schlager,14,MF,4
83,Stefan Posch,14,DF,5
84,Nicolas Seiwald,14,MF,6
85,Marko Arnautovic,14,FW,7
86,David Alaba,14,DF,8
87,Marcel Sabitzer,14,MF,9
88,Florian Grillitsch,14,MF,10
89,Michael Gregoritsch,14,FW,11
90,Florian Wiegele,14,GK,12
91,Patrick Pentz,14,GK,13
92,Sasa Kalajdzic,14,FW,14
93,Philipp Lienhart,14,DF,15
94,Phillip Mwene,14,DF,16
95,Carney Chukwuemeka,14,MF,17
96,Romano Schmid,14,MF,18
97,Dejan Ljubicic,14,MF,19
98,Konrad Laimer,14,MF,20
99,Patrick Wimmer,14,FW,21
100,Alexander Prass,14,MF,22
101,Marco Friedl,14,DF,23
102,Paul Wanner,14,MF,24
103,Michael Svoboda,14,DF,25
104,Alessandro Schoepf,14,MF,26
105,Thibaut Courtois,2,GK,1
106,Zeno Debast,2,DF,2
107,Arthur Theate,2,DF,3
108,Brandon Mechele,2,DF,4
109,Maxim De Cuyper,2,DF,5
110,Axel Witsel,2,MF,6
111,Kevin De Bruyne,2,MF,7
112,Youri Tielemans,2,MF,8
113,Romelu Lukaku,2,FW,9
114,Leandro Trossard,2,FW,10
115,Jeremy Doku,2,FW,11
116,Senne Lammens,2,GK,12
117,Mike Penders,2,GK,13
118,Dodi Lukebakio,2,FW,14
119,Thomas Meunier,2,DF,15
120,Koni De Winter,2,DF,16
121,Charles De Ketelaere,2,FW,17
122,Joaquin Seys,2,DF,18
123,Diego Moreira,2,MF,19
124,Hans Vanaken,2,MF,20
125,Timothy Castagne,2,DF,21
126,Alexis Saelemaekers,2,MF,22
127,Nicolas Raskin,2,MF,23
128,Amadou Onana,2,MF,24
129,Nathan Ngoy,2,DF,25
130,Matias Fernandez-Pardo,2,FW,26
131,Nikola Vasilj,26,GK,1
132,Nihad Mujakic,26,DF,2
133,Dennis Hadzikadunic,26,DF,3
134,Tarik Muharemovic,26,DF,4
135,Sead Kolasinac,26,DF,5
136,Benjamin Tahirovic,26,MF,6
137,Amar Dedic,26,DF,7
138,Armin Gigovic,26,MF,8
139,Samed Bazdar,26,FW,9
140,Ermedin Demirovic,26,FW,10
141,Edin Dzeko,26,FW,11
142,Mladen Jurkas,26,GK,12
143,Ivan Basic,26,MF,13
144,Ivan Sunjic,26,MF,14
145,Amar Memic,26,MF,15
146,Amir Hadziahmetovic,26,MF,16
147,Dzenis Burnic,26,MF,17
148,Nikola Katic,26,DF,18
149,Kerim Alajbegovic,26,FW,19
150,Esmir Bajraktarevic,26,FW,20
151,Stjepan Radeljic,26,DF,21
152,Martin Zlomislic,26,GK,22
153,Haris Tabakovic,26,FW,23
154,Arjan Malic,26,DF,24
155,Jovo Lukic,26,FW,25
156,Ermin Mahmic,26,MF,26
157,Alisson,3,GK,1
158,Ederson Silva,3,MF,2
159,Gabriel Magalhaes,3,DF,3
160,Marquinhos,3,DF,4
161,Casemiro,3,MF,5
162,Alex Sandro,3,DF,6
163,Vinicius Junior,3,FW,7
164,Bruno Guimaraes,3,MF,8
165,Matheus Cunha,3,FW,9
166,Neymar Jr,3,FW,10
167,Raphinha,3,FW,11
168,Weverton,3,GK,12
169,Danilo,3,DF,13
170,Bremer,3,DF,14
171,Leo Pereira,3,DF,15
172,Douglas Santos,3,DF,16
173,Fabinho,3,MF,17
174,Danilo Santos,3,MF,18
175,Endrick,3,FW,19
176,Lucas Paqueta,3,MF,20
177,Luiz Henrique,3,FW,21
178,Gabriel Martinelli,3,FW,22
179,Ederson,3,GK,23
180,Roger Ibanez,3,DF,24
181,Igor Thiago,3,FW,25
182,Rayan,3,FW,26
183,Vozinha,15,GK,1
184,Stopira,15,DF,2
185,Diney Borges,15,DF,3
186,Pico Lopes,15,DF,4
187,Logan Costa,15,DF,5
188,Kevin Pina,15,MF,6
189,Jovane Cabral,15,MF,7
190,Joao Paulo,15,MF,8
191,Gilson Benchimol,15,FW,9
192,Jamiro Monteiro,15,MF,10
193,Garry Rodrigues,15,MF,11
194,Marcio Rosa,15,GK,12
195,Sidny Lopes Cabral,15,DF,13
196,Deroy Duarte,15,MF,14
197,Laros Duarte,15,MF,15
198,Yannick Semedo,15,MF,16
199,Willy Semedo,15,MF,17
200,Telmo Arcanjo,15,MF,18
201,Dailon Livramento,15,FW,19
202,Ryan Mendes,15,FW,20
203,Nuno Da Costa,15,MF,21
204,Steven Moreira,15,DF,22
205,Cj Dos Santos,15,GK,23
206,Wagner Pina,15,DF,24
207,Kelvin Pires,15,DF,25
208,Helio Varela,15,MF,26
209,Dayne St. Clair,16,GK,1
210,Alistair Johnston,16,DF,2
211,Alfie Jones,16,DF,3
212,Luc De Fougerolles,16,DF,4
213,Joel Waterman,16,DF,5
214,Mathieu Choiniere,16,MF,6
215,Stephen Eustaquio,16,MF,7
216,Ismael Kone,16,MF,8
217,Cyle Larin,16,FW,9
218,Jonathan David,16,FW,10
219,Liam Millar,16,MF,11
220,Tani Oluwaseyi,16,FW,12
221,Derek Cornelius,16,DF,13
222,Jacob Shaffelburg,16,MF,14
223,Moise Bombito,16,DF,15
224,Maxime Crepeau,16,GK,16
225,Tajon Buchanan,16,FW,17
226,Owen Goodman,16,GK,18
227,Alphonso Davies,16,DF,19
228,Ali Ahmed,16,FW,20
229,Jonathan Osorio,16,MF,21
230,Richie Laryea,16,DF,22
231,Niko Sigur,16,DF,23
232,Promise David,16,FW,24
233,Nathan Saliba,16,MF,25
234,Jayden Nelson,16,FW,26
235,David Ospina,4,GK,1
236,Daniel Munoz,4,DF,2
237,Jhon Lucumi,4,DF,3
238,Santiago Arias,4,DF,4
239,Kevin Castano,4,MF,5
240,Richard Rios,4,MF,6
241,Luis Diaz,4,FW,7
242,Jorge Carrascal,4,MF,8
243,Jhon Cordoba,4,FW,9
244,James Rodriguez,4,MF,10
245,Jhon Arias,4,MF,11
246,Camilo Vargas,4,GK,12
247,Yerry Mina,4,DF,13
248,Gustavo Puerta,4,DF,14
249,Juan Portilla,4,MF,15
250,Jefferson Lerma,4,MF,16
251,Johan Mojica,4,DF,17
252,Willer Ditta,4,DF,18
253,Cucho Hernandez,4,FW,19
254,Juan Quintero,4,MF,20
255,Jaminton Campaz,4,FW,21
256,Deiver Machado,4,DF,22
257,Davinson Sanchez,4,DF,23
258,Alvaro Montero,4,GK,24
259,Luis Suarez,4,FW,25
260,Andres Gomez,4,FW,26
261,Lionel Mpasi,27,GK,1
262,Aaron Wan-Bissaka,27,DF,2
263,Steve Kapuadi,27,DF,3
264,Axel Tuanzebe,27,DF,4
265,Dylan Batubinsika,27,DF,5
266,Ngalayel Mukau,27,MF,6
267,Nathanael Mbuku,27,MF,7
268,Samuel Moutoussamy,27,MF,8
269,Brian Cipenga,27,FW,9
270,Theo Bongonda,27,MF,10
271,Gael Kakuta,27,FW,11
272,Joris Kayembe,27,DF,12
273,Meschack Elia,27,FW,13
274,Noah Sadiki,27,MF,14
275,Aaron Tshibola,27,MF,15
276,Timothy Fayulu,27,GK,16
277,Cedric Bakambu,27,FW,17
278,Charles Pickel,27,MF,18
279,Fiston Mayele,27,FW,19
280,Yoane Wissa,27,FW,20
281,Matthieu Epolo,27,GK,21
282,Chancel Mbemba,27,DF,22
283,Simon Banza,27,FW,23
284,Gedeon Kalulu,27,DF,24
285,Edo Kayembe,27,MF,25
286,Arthur Masuaku,27,DF,26
287,Yahia Fofana,17,GK,1
288,Ousmane Diomande,17,DF,2
289,Ghislain Konan,17,DF,3
290,Jean Michael Seri,17,MF,4
291,Wilfried Singo,17,DF,5
292,Seko Fofana,17,MF,6
293,Odilon Kossounou,17,DF,7
294,Franck Kessie,17,MF,8
295,Ange-Yoan Bonny,17,FW,9
296,Simon Adingra,17,FW,10
297,Yan Diomande,17,FW,11
298,Elye Wahi,17,FW,12
299,Christopher Operi,17,DF,13
300,Oumar Diakite,17,FW,14
301,Amad Diallo,17,FW,15
302,Mohamed Kone,17,GK,16
303,Guela Doue,17,DF,17
304,Ibrahim Sangare,17,MF,18
305,Nicolas Pepe,17,FW,19
306,Emmanuel Agbadou,17,DF,20
307,Evan Ndicka,17,DF,21
308,Evann Guessand,17,FW,22
309,Alban Lafont,17,GK,23
310,Bazoumana Toure,17,FW,24
311,Parfait Guiagon,17,MF,25
312,Christ Inao Oulai,17,MF,26
313,Dominik Livakovic,18,GK,1
314,Josip Stanisic,18,DF,2
315,Marin Pongracic,18,DF,3
316,Josko Gvardiol,18,DF,4
317,Duje Caleta-Car,18,DF,5
318,Josip Sutalo,18,DF,6
319,Nikola Moro,18,MF,7
320,Mateo Kovacic,18,MF,8
321,Andrej Kramaric,18,FW,9
322,Luka Modric,18,MF,10
323,Ante Budimir,18,FW,11
324,Ivor Pandur,18,GK,12
325,Nikola Vlasic,18,MF,13
326,Ivan Perisic,18,FW,14
327,Mario Pasalic,18,MF,15
328,Martin Baturina,18,MF,16
329,Petar Sucic,18,MF,17
330,Kristijan Jakic,18,DF,18
331,Toni Fruk,18,MF,19
332,Igor Matanovic,18,FW,20
333,Luka Sucic,18,MF,21
334,Luka Vuskovic,18,DF,22
335,Dominik Kotarski,18,GK,23
336,Marco Pasalic,18,FW,24
337,Martin Erlic,18,DF,25
338,Petar Musa,18,FW,26
339,Eloy Room,37,GK,1
340,Shurandy Sambo,37,DF,2
341,Jurien Gaari,37,DF,3
342,Roshon Van Eijma,37,DF,4
343,Sherel Floranus,37,DF,5
344,Godfried Roemeratoe,37,MF,6
345,Juninho Bacuna,37,MF,7
346,Livano Comenencia,37,MF,8
347,Juergen Locadia,37,FW,9
348,Leandro Bacuna,37,MF,10
349,Jeremy Antonisse,37,FW,11
350,Sontje Hansen,37,FW,12
351,Tyrese Noslin,37,FW,13
352,Kenji Gorre,37,FW,14
353,Arjany Martha,37,MF,15
354,Jearl Margaritha,37,FW,16
355,Brandley Kuwas,37,FW,17
356,Armando Obispo,37,DF,18
357,Gervane Kastaneer,37,FW,19
358,Joshua Brenet,37,DF,20
359,Tahith Chong,37,MF,21
360,Kevin Felida,37,MF,22
361,Riechedly Bazoer,37,DF,23
362,Deveron Fonville,37,DF,24
363,Tyrick Bodak,37,GK,25
364,Trevor Doornbusch,37,GK,26
365,Matej Kovar,38,GK,1
366,David Zima,38,DF,2
367,Tomas Holes,38,DF,3
368,Robin Hranac,38,DF,4
369,Vladimir Coufal,38,DF,5
370,Stepan Chaloupek,38,DF,6
371,Ladislav Krejci,38,DF,7
372,Vladimir Darida,38,MF,8
373,Adam Hlozek,38,FW,9
374,Patrik Schick,38,FW,10
375,Jan Kuchta,38,FW,11
376,Lukas Cerv,38,MF,12
377,Mojmir Chytil,38,FW,13
378,David Jurasek,38,DF,14
379,Pavel Sulc,38,FW,15
380,Jindrich Stanek,38,GK,16
381,Lukas Provod,38,MF,17
382,Michal Sadilek,38,MF,18
383,Tomas Chory,38,FW,19
384,Jaroslav Zeleny,38,DF,20
385,David Doudera,38,DF,21
386,Tomas Soucek,38,MF,22
387,Lukas Hornicek,38,GK,23
388,Alexandr Sojka,38,MF,24
389,Hugo Sochurek,38,MF,25
390,Denis Visinsky,38,FW,26
391,Hernan Galindez,28,GK,1
392,Felix Torres,28,DF,2
393,Piero Hincapie,28,DF,3
394,Joel Ordonez,28,DF,4
395,Jordy Alcivar,28,MF,5
396,Willian Pacho,28,DF,6
397,Pervis Estupinan,28,DF,7
398,Anthony Valencia,28,MF,8
399,John Yeboah,28,FW,9
400,Kendry Paez,28,MF,10
401,Kevin Rodriguez,28,FW,11
402,Moises Ramirez,28,GK,12
403,Enner Valencia,28,FW,13
404,Alan Minda,28,MF,14
405,Pedro Vite,28,MF,15
406,Jordy Caicedo,28,FW,16
407,Angelo Preciado,28,DF,17
408,Denil Castillo,28,MF,18
409,Gonzalo Plata,28,FW,19
410,Nilson Angulo,28,FW,20
411,Alan Franco,28,MF,21
412,Gonzalo Valle,28,GK,22
413,Moises Caicedo,28,MF,23
414,Jeremy Arevalo,28,FW,24
415,Jackson Porozo,28,DF,25
416,Yaimar Medina,28,DF,26
417,Mohamed Elshenawy,19,GK,1
418,Yasser Ibrahim,19,DF,2
419,Mohamed Hany,19,DF,3
420,Hossam Abdelmaguid,19,DF,4
421,Ramy Rabia,19,DF,5
422,Mohamed Abdelmoneim,19,DF,6
423,Trezeguet,19,FW,7
424,Emam Ashour,19,MF,8
425,Hamza Abdelkarim,19,FW,9
426,Mohamed Salah,19,FW,10
427,Mostafa Zico,19,MF,11
428,Haissem Hassan,19,FW,12
429,Ahmed Fatouh,19,DF,13
430,Hamdy Fathy,19,MF,14
431,Karim Hafez,19,DF,15
432,Mahdy Soliman,19,GK,16
433,Mohanad Lashin,19,MF,17
434,Nabil Donga,19,MF,18
435,Marawan Attia,19,MF,19
436,Ibrahim Adel,19,FW,20
437,Mahmoud Saber,19,MF,21
438,Omar Marmoush,19,FW,22
439,Mostafa Shoubir,19,GK,23
440,Tarek Alaa,19,DF,24
441,Zizo,19,FW,25
442,Mohamed Alaa,19,GK,26
443,Jordan Pickford,5,GK,1
444,Ezri Konsa,5,DF,2
445,Nico Oreilly,5,DF,3
446,Declan Rice,5,MF,4
447,John Stones,5,DF,5
448,Marc Guehi,5,DF,6
449,Bukayo Saka,5,FW,7
450,Elliot Anderson,5,MF,8
451,Harry Kane,5,FW,9
452,Jude Bellingham,5,MF,10
453,Marcus Rashford,5,FW,11
454,Trevoh Chalobah,5,DF,12
455,Dean Henderson,5,GK,13
456,Jordan Henderson,5,MF,14
457,Dan Burn,5,DF,15
458,Kobbie Mainoo,5,MF,16
459,Morgan Rogers,5,MF,17
460,Anthony Gordon,5,FW,18
461,Ollie Watkins,5,FW,19
462,Noni Madueke,5,FW,20
463,Eberechi Eze,5,MF,21
464,Ivan Toney,5,FW,22
465,James Trafford,5,GK,23
466,Reece James,5,DF,24
467,Djed Spence,5,DF,25
468,Jarell Quansah,5,DF,26
469,Brice Samba,6,GK,1
470,Malo Gusto,6,DF,2
471,Lucas Digne,6,DF,3
472,Dayot Upamecano,6,DF,4
473,Jules Kounde,6,DF,5
474,Manu Kone,6,MF,6
475,Ousmane Dembele,6,FW,7
476,Aurelien Tchouameni,6,MF,8
477,Marcus Thuram,6,FW,9
478,Kylian Mbappe,6,FW,10
479,Michael Olise,6,FW,11
480,Bradley Barcola,6,FW,12
481,Ngolo Kante,6,MF,13
482,Adrien Rabiot,6,MF,14
483,Ibrahima Konate,6,DF,15
484,Mike Maignan,6,GK,16
485,William Saliba,6,DF,17
486,Warren Zaire-Emery,6,MF,18
487,Theo Hernandez,6,DF,19
488,Desire Doue,6,FW,20
489,Lucas Hernandez,6,DF,21
490,Jean-Philippe Mateta,6,FW,22
491,Robin Risser,6,GK,23
492,Rayan Cherki,6,MF,24
493,Maghnes Akliouche,6,MF,25
494,Maxence Lacroix,6,DF,26
495,Manuel Neuer,7,GK,1
496,Antonio Ruediger,7,DF,2
497,Waldemar Anton,7,DF,3
498,Jonathan Tah,7,DF,4
499,Aleksandar Pavlovic,7,MF,5
500,Joshua Kimmich,7,DF,6
501,Kai Havertz,7,FW,7
502,Leon Goretzka,7,MF,8
503,Jamie Leweling,7,MF,9
504,Jamal Musiala,7,MF,10
505,Nick Woltemade,7,FW,11
506,Oliver Baumann,7,GK,12
507,Pascal Gross,7,MF,13
508,Maximilian Beier,7,FW,14
509,Nico Schlotterbeck,7,DF,15
510,Angelo Stiller,7,MF,16
511,Florian Wirtz,7,MF,17
512,Nathaniel Brown,7,DF,18
513,Leroy Sane,7,MF,19
514,Nadiem Amiri,7,MF,20
515,Alexander Nuebel,7,GK,21
516,David Raum,7,DF,22
517,Felix Nmecha,7,MF,23
518,Malick Thiaw,7,DF,24
519,Assan Ouedraogo,7,MF,25
520,Deniz Undav,7,FW,26
521,Lawrence Ati Zigi,29,GK,1
522,Alidu Seidu,29,DF,2
523,Caleb Yirenkyi,29,MF,3
524,Jonas Adjetey,29,DF,4
525,Thomas Partey,29,MF,5
526,Abdul Mumin,29,DF,6
527,Abdul Fatawu,29,FW,7
528,Kwasi Sibo,29,MF,8
529,Jordan Ayew,29,FW,9
530,Brandon Thomas-Asante,29,FW,10
531,Antoine Semenyo,29,MF,11
532,Joseph Anang,29,GK,12
533,Christopher Bonsu Baah,29,FW,13
534,Gideon Mensah,29,DF,14
535,Elisha Owusu,29,MF,15
536,Benjamin Asare,29,GK,16
537,Baba Rahman,29,DF,17
538,Jerome Opoku,29,DF,18
539,Inaki Williams,29,FW,19
540,Augustine Boakye,29,MF,20
541,Kojo Peprah Oppong,29,DF,21
542,Kamaldeen Sulemana,29,FW,22
543,Derrick Luckassen,29,DF,23
544,Ernest Nuamah,29,FW,24
545,Prince Adu,29,FW,25
546,Marvin Senaya,29,DF,26
547,Johny Placide,39,GK,1
548,Carlens Arcus,39,DF,2
549,Keeto Thermoncy,39,DF,3
550,Ricardo Ade,39,DF,4
551,Hannes Delcroix,39,DF,5
552,Carl Sainte,39,MF,6
553,Derrick Etienne,39,FW,7
554,Martin Experience,39,DF,8
555,Duckens Nazon,39,FW,9
556,Jean-Ricner Bellegarde,39,MF,10
557,Louicius Deedson,39,FW,11
558,Alexandre Pierre,39,GK,12
559,Markhus Lacroix,39,DF,13
560,Garven Metusala,39,DF,14
561,Ruben Providence,39,FW,15
562,Lenny Joseph,39,FW,16
563,Danley Jean Jacques,39,MF,17
564,Wilson Isidor,39,FW,18
565,Yassin Fortune,39,FW,19
566,Frantzdy Pierrot,39,FW,20
567,Josue Casimir,39,FW,21
568,Jean-Kevin Duverne,39,DF,22
569,Josue Duverger,39,GK,23
570,Wilguens Paugain,39,DF,24
571,Dominique Simon,39,MF,25
572,Woodensky Pierre,39,MF,26
573,Alireza Beiranvand,30,GK,1
574,Saleh Hardani,30,DF,2
575,Ehsan Hajisafi,30,DF,3
576,Shoja Khalilzadeh,30,DF,4
577,Milad Mohammadi,30,DF,5
578,Saeid Ezatolahi,30,MF,6
579,Alireza Jahanbakhsh,30,MF,7
580,Mohammad Mohebbi,30,MF,8
581,Mehdi Taremi,30,FW,9
582,Mehdi Ghayedi,30,FW,10
583,Ali Alipour,30,FW,11
584,Payam Niazmand,30,GK,12
585,Hossein Kanani,30,DF,13
586,Saman Ghoddos,30,MF,14
587,Roozbeh Cheshmi,30,MF,15
588,Mehdi Torabi,30,MF,16
589,Arya Yousefi,30,DF,17
590,Amirhossein Hosseinzadeh,30,FW,18
591,Ali Nemati,30,DF,19
592,Shahriyar Moghanloo,30,FW,20
593,Mohammad Ghorbani,30,MF,21
594,Hossein Hosseini,30,GK,22
595,Ramin Rezaeian,30,DF,23
596,Dennis Dargahi,30,FW,24
597,Danial Iri,30,DF,25
598,Amirmohammad Razaghinia,30,MF,26
599,Fahad Talib,40,GK,1
600,Rebin Sulaka,40,DF,2
601,Hussein Ali,40,DF,3
602,Zaid Tahseen,40,DF,4
603,Akam Hashim,40,DF,5
604,Munaf Younus,40,DF,6
605,Youssef Amyn,40,MF,7
606,Ibrahim Bayesh,40,MF,8
607,Ali Alhamadi,40,FW,9
608,Mohanad Ali,40,FW,10
609,Ahmed Qasem,40,FW,11
610,Jalal Hassan,40,GK,12
611,Ali Yousif,40,FW,13
612,Zidane Iqbal,40,MF,14
613,Ahmed Maknazi,40,DF,15
614,Amir Alammari,40,MF,16
615,Ali Jasim,40,FW,17
616,Aymen Hussein,40,FW,18
617,Kevin Yakob,40,MF,19
618,Aimar Sher,40,MF,20
619,Marko Farji,40,FW,21
620,Ahmed Basil,40,GK,22
621,Merchas Doski,40,DF,23
622,Zaid Ismael,40,MF,24
623,Mustafa Saadoon,40,DF,25
624,Frans Putros,40,DF,26
625,Zion Suzuki,20,GK,1
626,Yukinari Sugawara,20,DF,2
627,Shogo Taniguchi,20,DF,3
628,Kou Itakura,20,DF,4
629,Yuto Nagatomo,20,DF,5
630,Shuto Machino,20,FW,6
631,Ao Tanaka,20,MF,7
632,Takefusa Kubo,20,MF,8
633,Keisuke Goto,20,FW,9
634,Ritsu Doan,20,MF,10
635,Daizen Maeda,20,MF,11
636,Keisuke Osako,20,GK,12
637,Keito Nakamura,20,MF,13
638,Junya Ito,20,MF,14
639,Daichi Kamada,20,MF,15
640,Tsuyoshi Watanabe,20,DF,16
641,Yuito Suzuki,20,MF,17
642,Ayase Ueda,20,FW,18
643,Koki Ogawa,20,FW,19
644,Ayumu Seko,20,DF,20
645,Hiroki Ito,20,DF,21
646,Takehiro Tomiyasu,20,DF,22
647,Tomoki Hayakawa,20,GK,23
648,Kaishu Sano,20,MF,24
649,Junnosuke Suzuki,20,DF,25
650,Kento Shiogai,20,FW,26
651,Yazeed Abulaila,41,GK,1
652,Mohammad Abuhasheesh,41,DF,2
653,Abdallah Nasib,41,DF,3
654,Husam Abudahab,41,DF,4
655,Yazan Alarab,41,DF,5
656,Amer Jamous,41,MF,6
657,Mohammad Abuzraiq,41,FW,7
658,Noor Alrawabdeh,41,MF,8
659,Ali Olwan,41,FW,9
660,Mousa Altamari,41,FW,10
661,Odeh Fakhoury,41,FW,11
662,Nour Baniateyah,41,GK,12
663,Mahmoud Almardi,41,FW,13
664,Rajaei Ayed,41,MF,14
665,Ibrahim Sadeh,41,MF,15
666,Mohammad Abualnadi,41,DF,16
667,Saleem Obaid,41,DF,17
668,Mohammad Abughoush,41,MF,18
669,Saed Alrosan,41,DF,19
670,Mohannad Abutaha,41,MF,20
671,Nizar Alrashdan,41,MF,21
672,Abdallah Alfakhori,41,GK,22
673,Ehsan Haddad,41,DF,23
674,Ali Azaizeh,41,FW,24
675,Mohammad Aldaoud,41,MF,25
676,Anas Badawi,41,DF,26
677,Seunggyu Kim,31,GK,1
678,Hanbeom Lee,31,DF,2
679,Gihyuk Lee,31,MF,3
680,Minjae Kim,31,DF,4
681,Taehyeon Kim,31,DF,5
682,Inbeom Hwang,31,MF,6
683,Heungmin Son,31,FW,7
684,Seungho Paik,31,MF,8
685,Guesung Cho,31,FW,9
686,Jaesung Lee,31,MF,10
687,Heechan Hwang,31,MF,11
688,Bumkeun Song,31,GK,12
689,Taeseok Lee,31,DF,13
690,Wije Cho,31,DF,14
691,Moonhwan Kim,31,DF,15
692,Jinseob Park,31,DF,16
693,Junho Bae,31,MF,17
694,Hyeongyu Oh,31,FW,18
695,Kangin Lee,31,MF,19
696,Hyunjun Yang,31,MF,20
697,Hyeonwoo Jo,31,GK,21
698,Youngwoo Seol,31,DF,22
699,Jens Castrop,31,DF,23
700,Jingyu Kim,31,MF,24
701,Jisung Eom,31,MF,25
702,Donggyeong Lee,31,MF,26
703,Raul Rangel,8,GK,1
704,Jorge Sanchez,8,DF,2
705,Cesar Montes,8,DF,3
706,Edson Alvarez,8,DF,4
707,Johan Vasquez,8,DF,5
708,Erik Lira,8,MF,6
709,Luis Romo,8,MF,7
710,Alvaro Fidalgo,8,MF,8
711,Raul Jimenez,8,FW,9
712,Alexis Vega,8,FW,10
713,Santiago Gimenez,8,FW,11
714,Carlos Acevedo,8,GK,12
715,Guillermo Ochoa,8,GK,13
716,Armando Gonzalez,8,FW,14
717,Israel Reyes,8,DF,15
718,Julian Quinones,8,FW,16
719,Orbelin Pineda,8,MF,17
720,Obed Vargas,8,MF,18
721,Gilberto Mora,8,MF,19
722,Mateo Chavez,8,DF,20
723,Cesar Huerta,8,FW,21
724,Guillermo Martinez,8,FW,22
725,Jesus Gallardo,8,DF,23
726,Luis Chavez,8,MF,24
727,Roberto Alvarado,8,FW,25
728,Brian Gutierrez,8,MF,26
729,Yassine Bounou,21,GK,1
730,Achraf Hakimi,21,DF,2
731,Noussair Mazraoui,21,DF,3
732,Sofyan Amrabat,21,MF,4
733,Marwane Saadane,21,DF,5
734,Ayyoub Bouaddi,21,MF,6
735,Chemsdine Talbi,21,MF,7
736,Azzedine Ounahi,21,MF,8
737,Soufiane Rahimi,21,FW,9
738,Brahim Diaz,21,FW,10
739,Ismael Saibari,21,MF,11
740,Munir El Kajoui,21,GK,12
741,Zakaria El Ouahdi,21,DF,13
742,Issa Diop,21,DF,14
743,Samir El Mourabet,21,MF,15
744,Gessime Yassine,21,MF,16
745,Amine Sbai,21,FW,17
746,Chadi Riad,21,DF,18
747,Youssef Belammari,21,DF,19
748,Ayoub El Kaabi,21,FW,20
749,Ayoube Amaimouni,21,FW,21
750,Ahmed Reda Tagnaouti,21,GK,22
751,Bilal El Khannouss,21,MF,23
752,Neil El Aynaoui,21,MF,24
753,Redouane Halhal,21,DF,25
754,Anass Salah Eddine,21,DF,26
755,Bart Verbruggen,9,GK,1
756,Lutsharel Geertruida,9,DF,2
757,Marten De Roon,9,MF,3
758,Virgil Van Dijk,9,DF,4
759,Nathan Ake,9,DF,5
760,Jan Paul Van Hecke,9,DF,6
761,Justin Kluivert,9,MF,7
762,Ryan Gravenberch,9,MF,8
763,Wout Weghorst,9,FW,9
764,Memphis Depay,9,FW,10
765,Cody Gakpo,9,FW,11
766,Mats Wieffer,9,DF,12
767,Robin Roefs,9,GK,13
768,Tijjani Reijnders,9,MF,14
769,Micky Van De Ven,9,DF,15
770,Guus Til,9,MF,16
771,Noa Lang,9,FW,17
772,Donyell Malen,9,FW,18
773,Brian Brobbey,9,FW,19
774,Teun Koopmeiners,9,MF,20
775,Frenkie De Jong,9,MF,21
776,Denzel Dumfries,9,DF,22
777,Mark Flekken,9,GK,23
778,Crysencio Summerville,9,FW,24
779,Jorrel Hato,9,DF,25
780,Quinten Timber,9,MF,26
781,Max Crocombe,42,GK,1
782,Tim Payne,42,DF,2
783,Francis De Vries,42,DF,3
784,Tyler Bindon,42,DF,4
785,Michael Boxall,42,DF,5
786,Joe Bell,42,MF,6
787,Logan Rogerson,42,FW,7
788,Marko Stamenic,42,MF,8
789,Chris Wood,42,FW,9
790,Sarpreet Singh,42,MF,10
791,Elijah Just,42,MF,11
792,Alex Paulsen,42,GK,12
793,Liberato Cacace,42,DF,13
794,Alex Rufer,42,MF,14
795,Nando Pijnaker,42,DF,15
796,Finn Surman,42,DF,16
797,Kosta Barbarouses,42,FW,17
798,Ben Waine,42,FW,18
799,Ben Old,42,MF,19
800,Callum Mccowatt,42,MF,20
801,Jesse Randall,42,FW,21
802,Michael Woud,42,GK,22
803,Ryan Thomas,42,MF,23
804,Callan Elliot,42,DF,24
805,Lachlan Bayliss,42,MF,25
806,Tommy Smith,42,DF,26
807,Orjan Nyland,22,GK,1
808,Morten Thorsby,22,MF,2
809,Kristoffer Ajer,22,DF,3
810,Leo Ostigard,22,DF,4
811,David Moller Wolfe,22,DF,5
812,Patrick Berg,22,MF,6
813,Alexander Sorloth,22,FW,7
814,Sander Berge,22,MF,8
815,Erling Haaland,22,FW,9
816,Martin Odegaard,22,MF,10
817,Jorgen Strand Larsen,22,FW,11
818,Sander Tangvik,22,GK,12
819,Egil Selvik,22,GK,13
820,Fredrik Aursnes,22,MF,14
821,Fredrik Andre Bjorkan,22,DF,15
822,Marcus Holmgren Pedersen,22,DF,16
823,Torbjorn Heggem,22,DF,17
824,Kristian Thorstvedt,22,MF,18
825,Thelo Aasgaard,22,MF,19
826,Antonio Nusa,22,FW,20
827,Andreas Schjelderup,22,MF,21
828,Oscar Bobb,22,MF,22
829,Jens Petter Hauge,22,MF,23
830,Sondre Langas,22,DF,24
831,Henrik Falchener,22,DF,25
832,Julian Ryerson,22,FW,26
833,Luis Mejia,43,GK,1
834,Cesar Blackman,43,DF,2
835,Jose Cordoba,43,DF,3
836,Fidel Escobar,43,DF,4
837,Edgardo Farina,43,DF,5
838,Cristian Martinez,43,MF,6
839,Jose Luis Rodriguez,43,MF,7
840,Adalberto Carrasquilla,43,MF,8
841,Tomas Rodriguez,43,FW,9
842,Ismael Diaz,43,MF,10
843,Edgar Yoel Barcenas,43,MF,11
844,Cesar Samudio,43,GK,12
845,Jiovany Ramos,43,DF,13
846,Carlos Harvey,43,DF,14
847,Eric Davis,43,DF,15
848,Andres Andrade,43,DF,16
849,Jose Fajardo,43,FW,17
850,Cecilio Waterman,43,FW,18
851,Alberto Quintero,43,MF,19
852,Anibal Godoy,43,MF,20
853,Cesar Yanis,43,MF,21
854,Orlando Mosquera,43,GK,22
855,Amir Murillo,43,DF,23
856,Azarias Londono,43,FW,24
857,Roderick Miller,43,DF,25
858,Jorge Gutierrez,43,DF,26
859,Gatito Fernandez,32,GK,1
860,Gustavo Velazquez,32,DF,2
861,Omar Alderete,32,DF,3
862,Juan Jose Caceres,32,DF,4
863,Fabian Balbuena,32,DF,5
864,Junior Alonso,32,DF,6
865,Ramon Sosa,32,MF,7
866,Diego Gomez,32,MF,8
867,Antonio Sanabria,32,FW,9
868,Miguel Almiron,32,MF,10
869,Mauricio,32,MF,11
870,Orlando Gill,32,GK,12
871,Jose Canale,32,DF,13
872,Andres Cubas,32,MF,14
873,Gustavo Gomez,32,DF,15
874,Damian Bobadilla,32,MF,16
875,Alejandro Romero Gamarra,32,FW,17
876,Alex Arce,32,FW,18
877,Julio Enciso,32,FW,19
878,Braian Ojeda,32,MF,20
879,Gabriel Avalos,32,FW,21
880,Gaston Olveira,32,GK,22
881,Matias Galarza,32,MF,23
882,Gustavo Caballero,32,MF,24
883,Isidro Pitta,32,FW,25
884,Alexandro Maidana,32,DF,26
885,Diogo Costa,23,GK,1
886,Nelson Semedo,23,DF,2
887,Ruben Dias,23,DF,3
888,Tomas Araujo,23,DF,4
889,Diogo Dalot,23,DF,5
890,Matheus Nunes,23,MF,6
891,Cristiano Ronaldo,23,FW,7
892,Bruno Fernandes,23,MF,8
893,Goncalo Ramos,23,FW,9
894,Bernardo Silva,23,MF,10
895,Joao Felix,23,FW,11
896,Jose Sa,23,GK,12
897,Renato Veiga,23,DF,13
898,Goncalo Inacio,23,DF,14
899,Joao Neves,23,MF,15
900,Francisco Trincao,23,FW,16
901,Rafael Leao,23,FW,17
902,Pedro Neto,23,FW,18
903,Goncalo Guedes,23,FW,19
904,Joao Cancelo,23,DF,20
905,Ruben Neves,23,MF,21
906,Rui Silva,23,GK,22
907,Vitinha,23,MF,23
908,Samu Costa,23,DF,24
909,Nuno Mendes,23,DF,25
910,Francisco Conceicao,23,FW,26
911,Mahmoud Abunada,44,GK,1
912,Pedro Miguel,44,DF,2
913,Lucas Mendes,44,DF,3
914,Issa Laye,44,DF,4
915,Jassem Gaber,44,DF,5
916,Abdulaziz Hatem,44,MF,6
917,Ahmed Alaaeldin,44,FW,7
918,Edmilson Junior,44,FW,8
919,Mohammed Muntari,44,FW,9
920,Hassan Alhaydos,44,FW,10
921,Akram Afif,44,FW,11
922,Karim Boudiaf,44,MF,12
923,Ayoub Aloui,44,DF,13
924,Homam Ahmed,44,DF,14
925,Yusuf Abdurisag,44,FW,15
926,Boualem Khoukhi,44,DF,16
927,Ahmed Alganehi,44,MF,17
928,Sultan Albrake,44,DF,18
929,Almoez Ali,44,FW,19
930,Ahmed Fathy,44,MF,20
931,Salah Zakaria,44,GK,21
932,Meshaal Barsham,44,GK,22
933,Assim Madibo,44,MF,23
934,Tahsin Mohammed,44,FW,24
935,Alhashmi Alhussein,44,DF,25
936,Mohamed Manai,44,FW,26
937,Nawaf Alaqidi,45,GK,1
938,Ali Majrashi,45,DF,2
939,Ali Lajami,45,DF,3
940,Abdulelah Alamri,45,DF,4
941,Hassan Altambakti,45,DF,5
942,Nasser Aldawsari,45,MF,6
943,Musab Aljuwayr,45,MF,7
944,Aiman Yahya,45,FW,8
945,Feras Albrikan,45,FW,9
946,Salem Aldawsari,45,FW,10
947,Saleh Alshehri,45,FW,11
948,Saud Abdulhamid,45,DF,12
949,Nawaf Bu Washl,45,DF,13
950,Hassan Kadish,45,DF,14
951,Abdullah Alkhaibari,45,MF,15
952,Ziyad Aljohani,45,MF,16
953,Khalid Alghannam,45,FW,17
954,Ala Alhajji,45,MF,18
955,Abdullah Alhamddan,45,FW,19
956,Sultan Mandash,45,FW,20
957,Mohammed Alowais,45,GK,21
958,Ahmed Alkassar,45,GK,22
959,Mohamed Kanno,45,MF,23
960,Moteb Alharbi,45,DF,24
961,Jehad Thikri,45,DF,25
962,Mohammed Abu Alshamat,45,DF,26
963,Angus Gunn,33,GK,1
964,Aaron Hickey,33,DF,2
965,Andy Robertson,33,DF,3
966,Scott Mctominay,33,MF,4
967,Grant Hanley,33,DF,5
968,Kieran Tierney,33,DF,6
969,John Mcginn,33,MF,7
970,Tyler Fletcher,33,MF,8
971,Lyndon Dykes,33,FW,9
972,Che Adams,33,FW,10
973,Ryan Christie,33,MF,11
974,Liam Kelly,33,GK,12
975,Jack Hendry,33,DF,13
976,Ross Stewart,33,FW,14
977,John Souttar,33,DF,15
978,Dominic Hyam,33,DF,16
979,Ben Gannon-Doak,33,FW,17
980,George Hirst,33,FW,18
981,Lewis Ferguson,33,MF,19
982,Lawrence Shankland,33,FW,20
983,Craig Gordon,33,GK,21
984,Nathan Patterson,33,DF,22
985,Kenny Mclean,33,MF,23
986,Anthony Ralston,33,DF,24
987,Findlay Curtis,33,FW,25
988,Scott Mckenna,33,DF,26
989,Yehvann Diouf,34,GK,1
990,Mamadou Sarr,34,DF,2
991,Kalidou Koulibaly,34,DF,3
992,Abdoulaye Seck,34,DF,4
993,Idrissa Gana Gueye,34,MF,5
994,Pathe Ciss,34,MF,6
995,Assane Diao,34,FW,7
996,Lamine Camara,34,MF,8
997,Bamba Dieng,34,FW,9
998,Sadio Mane,34,FW,10
999,Nicolas Jackson,34,FW,11
1000,Cherif Ndiaye,34,FW,12
1001,Iliman Ndiaye,34,FW,13
1002,Ismail Jakobs,34,DF,14
1003,Krepin Diatta,34,DF,15
1004,Edouard Mendy,34,GK,16
1005,Pape Matar Sarr,34,MF,17
1006,Ismaila Sarr,34,FW,18
1007,Moussa Niakhate,34,DF,19
1008,Ibrahim Mbaye,34,FW,20
1009,Habib Diarra,34,MF,21
1010,Bara Sapoko Ndiaye,34,MF,22
1011,Mory Diaw,34,GK,23
1012,Antoine Mendy,34,DF,24
1013,El Hadji Malick Diouf,34,DF,25
1014,Pape Gueye,34,MF,26
1015,Ronwen Williams,24,GK,1
1016,Thabang Matuludi,24,DF,2
1017,Khulumani Ndamane,24,DF,3
1018,Teboho Mokoena,24,MF,4
1019,Thalente Mbatha,24,MF,5
1020,Aubrey Modiba,24,DF,6
1021,Oswin Appollis,24,FW,7
1022,Tshepang Moremi,24,FW,8
1023,Lyle Foster,24,FW,9
1024,Relebohile Mofokeng,24,FW,10
1025,Themba Zwane,24,MF,11
1026,Thapelo Maseko,24,FW,12
1027,Sphephelo Sithole,24,MF,13
1028,Mbekezeli Mbokazi,24,DF,14
1029,Iqraam Rayners,24,FW,15
1030,Sipho Chaine,24,GK,16
1031,Evidence Makgopa,24,FW,17
1032,Samukele Kabini,24,DF,18
1033,Nkosinathi Sibisi,24,DF,19
1034,Khuliso Mudau,24,DF,20
1035,Ime Okon,24,DF,21
1036,Ricardo Goss,24,GK,22
1037,Jayden Adams,24,MF,23
1038,Olwethu Makhanya,24,DF,24
1039,Kamogelo Sebelebele,24,FW,25
1040,Bradley Cross,24,DF,26
1041,David Raya,10,GK,1
1042,Marc Pubill,10,DF,2
1043,Alex Grimaldo,10,DF,3
1044,Eric Garcia,10,DF,4
1045,Marcos Llorente,10,DF,5
1046,Mikel Merino,10,MF,6
1047,Ferran Torres,10,FW,7
1048,Fabian Ruiz,10,MF,8
1049,Gavi,10,MF,9
1050,Dani Olmo,10,FW,10
1051,Yeremy Pino,10,FW,11
1052,Pedro Porro,10,DF,12
1053,Joan Garcia,10,GK,13
1054,Aymeric Laporte,10,DF,14
1055,Alex Baena,10,MF,15
1056,Rodri,10,MF,16
1057,Nico Williams,10,FW,17
1058,Martin Zubimendi,10,MF,18
1059,Lamine Yamal,10,FW,19
1060,Pedri,10,MF,20
1061,Mikel Oyarzabal,10,FW,21
1062,Pau Cubarsi,10,DF,22
1063,Unai Simon,10,GK,23
1064,Marc Cucurella,10,DF,24
1065,Victor Munoz,10,FW,25
1066,Borja Iglesias,10,FW,26
1067,Jacob Widell Zetterstrom,35,GK,1
1068,Gustaf Lagerbielke,35,DF,2
1069,Victor Lindelof,35,DF,3
1070,Isak Hien,35,DF,4
1071,Gabriel Gudmundsson,35,DF,5
1072,Herman Johansson,35,DF,6
1073,Lucas Bergvall,35,MF,7
1074,Daniel Svensson,35,DF,8
1075,Alexander Isak,35,FW,9
1076,Benjamin Nygren,35,MF,10
1077,Anthony Elanga,35,FW,11
1078,Viktor Johansson,35,GK,12
1079,Ken Sema,35,MF,13
1080,Hjalmar Ekdal,35,DF,14
1081,Carl Starfelt,35,DF,15
1082,Jesper Karlstrom,35,MF,16
1083,Viktor Gyokeres,35,FW,17
1084,Yasin Ayari,35,MF,18
1085,Mattias Svanberg,35,MF,19
1086,Eric Smith,35,DF,20
1087,Alexander Bernhardsson,35,DF,21
1088,Besfort Zeneli,35,MF,22
1089,Kristoffer Nordfeldt,35,GK,23
1090,Elliot Stroud,35,DF,24
1091,Gustaf Nilsson,35,FW,25
1092,Taha Ali,35,FW,26
1093,Gregor Kobel,11,GK,1
1094,Miro Muheim,11,DF,2
1095,Silvan Widmer,11,DF,3
1096,Nico Elvedi,11,DF,4
1097,Manuel Akanji,11,DF,5
1098,Denis Zakaria,11,MF,6
1099,Breel Embolo,11,FW,7
1100,Remo Freuler,11,MF,8
1101,Johan Manzambi,11,MF,9
1102,Granit Xhaka,11,MF,10
1103,Dan Ndoye,11,FW,11
1104,Yvon Mvogo,11,GK,12
1105,Ricardo Rodriguez,11,DF,13
1106,Ardon Jashari,11,MF,14
1107,Djibril Sow,11,MF,15
1108,Christian Fassnacht,11,FW,16
1109,Ruben Vargas,11,FW,17
1110,Eray Coemert,11,DF,18
1111,Noah Okafor,11,FW,19
1112,Michel Aebischer,11,MF,20
1113,Marvin Keller,11,GK,21
1114,Fabian Rieder,11,MF,22
1115,Zeki Amdouni,11,FW,23
1116,Aurele Amenda,11,DF,24
1117,Luca Jaquez,11,DF,25
1118,Cedric Itten,11,FW,26
1119,Mouhib Chamakh,46,GK,1
1120,Ali Abdi,46,DF,2
1121,Montassar Talbi,46,DF,3
1122,Omar Rekik,46,DF,4
1123,Adam Arous,46,DF,5
1124,Dylan Bronn,46,DF,6
1125,Elias Achouri,46,FW,7
1126,Elias Saad,46,FW,8
1127,Hazem Mastouri,46,FW,9
1128,Hannibal Mejbri,46,MF,10
1129,Ismael Gharbi,46,MF,11
1130,Mortadha Ben Ouanes,46,DF,12
1131,Rani Khedira,46,MF,13
1132,Khalil Ayari,46,MF,14
1133,Mohamed Hadj Mahmoud,46,MF,15
1134,Aymen Dahmen,46,GK,16
1135,Ellyes Skhiri,46,MF,17
1136,Rayan Elloumi,46,FW,18
1137,Firas Chaouat,46,FW,19
1138,Yan Valery,46,DF,20
1139,Mohamed Amine Ben Hmida,46,DF,21
1140,Sabri Ben Hessen,46,GK,22
1141,Moutaz Neffati,46,DF,23
1142,Raed Chikhaoui,46,DF,24
1143,Anis Slimane,46,MF,25
1144,Sebastian Tounekti,46,MF,26
1145,Mert Gunok,47,GK,1
1146,Zeki Celik,47,DF,2
1147,Merih Demiral,47,DF,3
1148,Caglar Soyuncu,47,DF,4
1149,Salih Ozcan,47,MF,5
1150,Orkun Kokcu,47,MF,6
1151,Kerem Akturkoglu,47,FW,7
1152,Arda Guler,47,FW,8
1153,Deniz Gul,47,FW,9
1154,Hakan Calhanoglu,47,MF,10
1155,Kenan Yildiz,47,FW,11
1156,Altay Bayindir,47,GK,12
1157,Eren Elmali,47,DF,13
1158,Abdulkerim Bardakci,47,DF,14
1159,Ozan Kabak,47,DF,15
1160,Ismail Yuksek,47,MF,16
1161,Irfan Can Kahveci,47,FW,17
1162,Mert Muldur,47,DF,18
1163,Yunus Akgun,47,FW,19
1164,Ferdi Kadioglu,47,DF,20
1165,Baris Alper Yilmaz,47,FW,21
1166,Kaan Ayhan,47,MF,22
1167,Ugurcan Cakir,47,GK,23
1168,Oguz Aydin,47,FW,24
1169,Samet Akaydin,47,DF,25
1170,Can Uzun,47,FW,26
1171,Sergio Rochet,36,GK,1
1172,Jose Maria Gimenez,36,DF,2
1173,Sebastian Caceres,36,DF,3
1174,Ronald Araujo,36,DF,4
1175,Manuel Ugarte,36,MF,5
1176,Rodrigo Bentancur,36,MF,6
1177,Nicolas De La Cruz,36,MF,7
1178,Federico Valverde,36,MF,8
1179,Darwin Nunez,36,FW,9
1180,Giorgian De Arrascaeta,36,MF,10
1181,Facundo Pellistri,36,FW,11
1182,Santiago Mele,36,GK,12
1183,Guillermo Varela,36,DF,13
1184,Agustin Canobbio,36,MF,14
1185,Emiliano Martinez,36,MF,15
1186,Mathias Olivera,36,DF,16
1187,Matias Vina,36,DF,17
1188,Brian Rodriguez,36,FW,18
1189,Rodrigo Aguirre,36,FW,19
1190,Maxi Araujo,36,MF,20
1191,Federico Vinas,36,FW,21
1192,Joaquin Piquerez,36,MF,22
1193,Fernando Muslera,36,GK,23
1194,Santiago Bueno,36,DF,24
1195,Juan Manuel Sanabria,36,MF,25
1196,Rodrigo Zalazar,36,MF,26
1197,Matt Turner,12,GK,1
1198,Sergino Dest,12,DF,2
1199,Chris Richards,12,DF,3
1200,Tyler Adams,12,MF,4
1201,Antonee Robinson,12,DF,5
1202,Auston Trusty,12,DF,6
1203,Giovanni Reyna,12,MF,7
1204,Weston Mckennie,12,MF,8
1205,Ricardo Pepi,12,FW,9
1206,Christian Pulisic,12,FW,10
1207,Brenden Aaronson,12,FW,11
1208,Miles Robinson,12,DF,12
1209,Tim Ream,12,DF,13
1210,Sebastian Berhalter,12,MF,14
1211,Cristian Roldan,12,MF,15
1212,Alex Freeman,12,DF,16
1213,Malik Tillman,12,MF,17
1214,Max Arfsten,12,DF,18
1215,Haji Wright,12,FW,19
1216,Folarin Balogun,12,FW,20
1217,Timothy Weah,12,FW,21
1218,Mark Mckenzie,12,DF,22
1219,Joe Scally,12,DF,23
1220,Matt Freese,12,GK,24
1221,Chris Brady,12,GK,25
1222,Alex Zendejas,12,FW,26
1223,Utkir Yusupov,48,GK,1
1224,Abdukodir Khusanov,48,DF,2
1225,Khojiakbar Alijonov,48,DF,3
1226,Farrukh Sayfiev,48,DF,4
1227,Rustam Ashurmatov,48,DF,5
1228,Akmal Mozgovoy,48,MF,6
1229,Otabek Shukurov,48,MF,7
1230,Jamshid Iskanderov,48,MF,8
1231,Odiljon Xamrobekov,48,MF,9
1232,Ruslanbek Jiyanov,48,MF,10
1233,Oston Urunov,48,MF,11
1234,Abduvohid Nematov,48,GK,12
1235,Sherzod Nasrullaev,48,DF,13
1236,Eldor Shomurodov,48,FW,14
1237,Umar Eshmurodov,48,DF,15
1238,Botirali Ergashev,48,GK,16
1239,Dostonbek Khamdamov,48,MF,17
1240,Abdulla Abdullaev,48,DF,18
1241,Azizjon Ganiev,48,MF,19
1242,Azizbek Amonov,48,FW,20
1243,Igor Sergeev,48,FW,21
1244,Abbosbek Fayzullaev,48,MF,22
1245,Sherzod Esanov,48,MF,23
1246,Behruzjon Karimov,48,DF,24
1247,Avazbek Ulmasaliyev,48,DF,25
1248,Jakhongir Urozov,48,DF,26
