StadiumID,StadiumName,City,Country,Capacity
1,Toronto Stadium,"Toronto, Ontario",Canada,43036
2,BC Place Vancouver,"Vancouver, British Colombia",Canada,52497
3,Mexico City Stadium,Mexico City,Mexico,80824
4,Guadalajara Stadium,"Zapopan, Jalisco",Mexico,45664
5,Estadio Monterrey,"Guadalupe, Nuevo Leon",Mexico,51243
6,Atlanta Stadium,"Atlanta, Georgia",USA,68239
7,Boston Stadium,"Foxborough, Massachusetts",USA,64146
8,Dallas Stadium,"Arlington, Texas",USA,70649
9,Houston Stadium,"Houston, Texas",USA,68777
10,Kansas City Stadium,"Kansas City, Missouri",USA,69045
11,Los Angeles Stadium,"Inglewood, California",USA,70492
12,Miami Stadium,"Miami Gardens, Florida",USA,64478
13,New York New Jersey Stadium,"East Rutherford, New Jersey",USA,80663
14,Philadelphia Stadium,"Philadelphia, Pennsylvania",USA,68324
15,San Francisco Bay Area Stadium,"Santa Clara, California",USA,68827
16,Seattle Stadium,"Seattle, Washington",USA,66925
