TeamID,TeamName,CountryCode,Confederation,GroupName,HostCountry
1,Argentina,ARG,CONMEBOL,Group J,
2,Belgium,BEL,UEFA,Group G,
3,Brazil,BRA,CONMEBOL,Group C,
4,Colombia,COL,CONMEBOL,Group K,
5,England,ENG,UEFA,Group L,
6,France,FRA,UEFA,Group I,
7,Germany,GER,UEFA,Group E,
8,Mexico,MEX,CONCACAF,Group A,Mexico
9,Netherlands,NED,UEFA,Group F,
10,Spain,ESP,UEFA,Group H,
11,Switzerland,SUI,UEFA,Group B,
12,USA,USA,CONCACAF,Group D,United States
13,Australia,AUS,AFC,Group D,
14,Austria,AUT,UEFA,Group J,
15,Cabo Verde,CPV,CAF,Group H,
16,Canada,CAN,CONCACAF,Group B,Canada
17,Côte d'Ivoire,CIV,CAF,Group E,
18,Croatia,CRO,UEFA,Group L,
19,Egypt,EGY,CAF,Group G,
20,Japan,JPN,AFC,Group F,
21,Morocco,MAR,CAF,Group C,
22,Norway,NOR,UEFA,Group I,
23,Portugal,POR,UEFA,Group K,
24,South Africa,RSA,CAF,Group A,
25,Algeria,ALG,CAF,Group J,
26,Bosnia and Herzegovina,BIH,UEFA,Group B,
27,Congo DR,COD,CAF,Group K,
28,Ecuador,ECU,CONMEBOL,Group E,
29,Ghana,GHA,CAF,Group L,
30,IR Iran,IRN,AFC,Group G,
31,Korea Republic,KOR,AFC,Group A,
32,Paraguay,PAR,CONMEBOL,Group D,
33,Scotland,SCO,UEFA,Group C,
34,Senegal,SEN,CAF,Group I,
35,Sweden,SWE,UEFA,Group F,
36,Uruguay,URU,CONMEBOL,Group H,
37,Curaçao,CUW,CONCACAF,Group E,
38,Czechia,CZE,UEFA,Group A,
39,Haiti,HAI,CONCACAF,Group C,
40,Iraq,IRQ,AFC,Group I,
41,Jordan,JOR,AFC,Group J,
42,New Zealand,NZL,OFC,Group G,
43,Panama,PAN,CONCACAF,Group L,
44,Qatar,QAT,AFC,Group B,
45,Saudi Arabia,KSA,AFC,Group H,
46,Tunisia,TUN,CAF,Group F,
47,Türkiye,TUR,UEFA,Group D,
48,Uzbekistan,UZB,AFC,Group K,
